Año,Trimestre,Provincia,Mbps (Media de bajada),Velocidad anterior,Variación (%)
2014,2,Buenos Aires,3.85186276004367,3.73313279998293,3.180437622290929
2014,3,Buenos Aires,3.96904699117324,3.85186276004367,3.0422743080348362
2014,4,Buenos Aires,4.19894350823666,3.96904699117324,5.792234699530804
2015,1,Buenos Aires,4.32380370934677,4.19894350823666,2.97360992985935
2015,2,Buenos Aires,4.46349566354801,4.32380370934677,3.230765399901677
2015,3,Buenos Aires,4.70059791427046,4.46349566354801,5.312030493471537
2015,4,Buenos Aires,4.88414890585654,4.70059791427046,3.9048434887153443
2016,1,Buenos Aires,4.99216843748391,4.88414890585654,2.2116346923380026
2016,2,Buenos Aires,5.41514436700482,4.99216843748391,8.472789626747714
2016,3,Buenos Aires,5.91491800816368,5.41514436700482,9.229184067631612
2016,4,Buenos Aires,6.35154645026031,5.91491800816368,7.381817321795539
2017,1,Buenos Aires,6.67848257709171,6.35154645026031,5.147346860983774
2017,2,Buenos Aires,7.19874775188798,6.67848257709171,7.790170428547122
2017,3,Buenos Aires,8.42570621185365,7.19874775188798,17.04405408070981
2017,4,Buenos Aires,12.9720825438982,8.42570621185365,53.9584008477356
2018,1,Buenos Aires,14.1988896446809,12.9720825438982,9.457287190635132
2018,2,Buenos Aires,14.6793755121758,14.1988896446809,3.3839678983271573
2018,3,Buenos Aires,16.7797351323622,14.6793755121758,14.308235513453955
2018,4,Buenos Aires,16.9343630101501,16.7797351323622,0.921515605390434
2019,1,Buenos Aires,19.6439582242305,16.9343630101501,16.000573581990203
2019,2,Buenos Aires,22.4800460185574,19.6439582242305,14.437455842420968
2019,3,Buenos Aires,25.6793801438341,22.4800460185574,14.23188423473703
2019,4,Buenos Aires,30.7696941410059,25.6793801438341,19.82257347591796
2020,1,Buenos Aires,45.1812880737555,30.7696941410059,46.83697493613913
2020,2,Buenos Aires,45.6619736321228,45.1812880737555,1.0639040604212315
2020,3,Buenos Aires,48.3766239081151,45.6619736321228,5.945100616681547
2020,4,Buenos Aires,50.0083808396358,48.3766239081151,3.3730277140050147
2021,1,Buenos Aires,50.7856560850651,50.0083808396358,1.5542899657595912
2021,2,Buenos Aires,52.7554293700371,50.7856560850651,3.878601630493192
2021,3,Buenos Aires,56.2575509246959,52.7554293700371,6.638409726692244
2021,4,Buenos Aires,60.2091238315554,56.2575509246959,7.024075598578616
2022,1,Buenos Aires,62.51,60.2091238315554,3.821474258422466
2022,2,Buenos Aires,65.5,62.51,4.783234682450812
2022,3,Buenos Aires,70.19,65.5,7.160305343511447
2022,4,Buenos Aires,111.0,70.19,58.14218549650948
2023,1,Buenos Aires,116.18,111.0,4.666666666666673
2023,2,Buenos Aires,138.35,116.18,19.082458254432765
2023,3,Buenos Aires,146.84,138.35,6.136610046982298
2023,4,Buenos Aires,158.49,146.84,7.9338055025878536
2024,1,Buenos Aires,159.13,158.49,0.4038109659915366
2024,2,Buenos Aires,157.41,159.13,-1.0808772701564753
2014,2,Capital Federal,4.24999122363848,4.02408151087022,5.6139447513180825
2014,3,Capital Federal,4.43738094339007,4.24999122363848,4.409178981578302
2014,4,Capital Federal,4.78178771127556,4.43738094339007,7.761487514352774
2015,1,Capital Federal,4.99971168387637,4.78178771127556,4.557374474967614
2015,2,Capital Federal,5.31214873823781,4.99971168387637,6.249101430568923
2015,3,Capital Federal,5.66468043459464,5.31214873823781,6.636329548140149
2015,4,Capital Federal,5.92780352297904,5.66468043459464,4.644976736507264
2016,1,Capital Federal,6.0474037028117,5.92780352297904,2.0176137648461485
2016,2,Capital Federal,6.57621893245929,6.0474037028117,8.744500212574223
2016,3,Capital Federal,7.38017269920781,6.57621893245929,12.225167303666202
2016,4,Capital Federal,7.95759624275289,7.38017269920781,7.8239841678374455
2017,1,Capital Federal,8.34814731669542,7.95759624275289,4.907902613156705
2017,2,Capital Federal,8.84321983078825,8.34814731669542,5.930327955554136
2017,3,Capital Federal,10.6357202740733,8.84321983078825,20.269771390781692
2017,4,Capital Federal,15.2022188691604,10.6357202740733,42.935489815568545
2018,1,Capital Federal,17.7455773041801,15.2022188691604,16.73017904102945
2018,2,Capital Federal,18.9381345892782,17.7455773041801,6.72030706387436
2018,3,Capital Federal,21.6433683640614,18.9381345892782,14.284584165511019
2018,4,Capital Federal,22.9353019922347,21.6433683640614,5.969189298272737
2019,1,Capital Federal,24.7150632938498,22.9353019922347,7.759920938550017
2019,2,Capital Federal,30.346259857092,24.7150632938498,22.784471543892398
2019,3,Capital Federal,38.7141005607114,30.346259857092,27.57453716875035
2019,4,Capital Federal,44.2031786700859,38.7141005607114,14.178498350404736
2020,1,Capital Federal,58.7056829624225,44.2031786700859,32.808736223648644
2020,2,Capital Federal,60.4844973584038,58.7056829624225,3.030054853667095
2020,3,Capital Federal,63.8085202560717,60.4844973584038,5.495660942623437
2020,4,Capital Federal,67.3251367687937,63.8085202560717,5.511202106880659
2021,1,Capital Federal,68.290268867969,67.3251367687937,1.4335390100873309
2021,2,Capital Federal,72.7467500323148,68.290268867969,6.52579238333628
2021,3,Capital Federal,77.7120710690731,72.7467500323148,6.825488471378678
2021,4,Capital Federal,82.9499549654225,77.7120710690731,6.740116206263239
2022,1,Capital Federal,88.22,82.9499549654225,6.3532825747455774
2022,2,Capital Federal,93.97,88.22,6.517796418045794
2022,3,Capital Federal,101.05,93.97,7.534319463658614
2022,4,Capital Federal,182.86,101.05,80.95992083127167
2023,1,Capital Federal,188.65,182.86,3.1663567756753754
2023,2,Capital Federal,208.01,188.65,10.262390670553929
2023,3,Capital Federal,218.13,208.01,4.865150713907988
2023,4,Capital Federal,234.44,218.13,7.4771924998853905
2024,1,Capital Federal,229.94,234.44,-1.9194676676335096
2024,2,Capital Federal,233.01,229.94,1.3351309037140093
2014,2,Catamarca,2.9153584248268,2.80273440079234,4.018362353657948
2014,3,Catamarca,2.91517617504052,2.9153584248268,-0.006251368090035588
2014,4,Catamarca,3.33600533479779,2.91517617504052,14.435805402101318
2015,1,Catamarca,3.48360366096299,3.33600533479779,4.42440318142197
2015,2,Catamarca,3.68250829503855,3.48360366096299,5.709737772539129
2015,3,Catamarca,3.88456387259975,3.68250829503855,5.486900812509498
2015,4,Catamarca,4.1242683691587,3.88456387259975,6.170692629093715
2016,1,Catamarca,4.20358844929513,4.1242683691587,1.923252151329093
2016,2,Catamarca,4.36483596451661,4.20358844929513,3.835949145985462
2016,3,Catamarca,4.72524117995849,4.36483596451661,8.25701626296497
2016,4,Catamarca,4.88571130511986,4.72524117995849,3.3960197807888197
2017,1,Catamarca,4.97378483754513,4.88571130511986,1.8026757400294229
2017,2,Catamarca,5.10218282589971,4.97378483754513,2.581494627297798
2017,3,Catamarca,5.26001806671356,5.10218282589971,3.093484616283166
2017,4,Catamarca,7.78415435139573,5.26001806671356,47.98721701462219
2018,1,Catamarca,8.19886052871468,7.78415435139573,5.3275687839436525
2018,2,Catamarca,7.69309650745294,8.19886052871468,-6.168711121385895
2018,3,Catamarca,7.80652194153063,7.69309650745294,1.4743794513406396
2018,4,Catamarca,8.04392020265991,7.80652194153063,3.041024708664726
2019,1,Catamarca,7.96400515527188,8.04392020265991,-0.9934838408964369
2019,2,Catamarca,8.81,7.96400515527188,10.622731003232749
2019,3,Catamarca,9.29340742945983,8.81,5.48703098138285
2019,4,Catamarca,24.8783076704626,9.29340742945983,167.69845031865378
2020,1,Catamarca,29.1322250129396,24.8783076704626,17.098901576523108
2020,2,Catamarca,34.9259564285714,29.1322250129396,19.88770652793741
2020,3,Catamarca,36.5404366073298,34.9259564285714,4.622579719642732
2020,4,Catamarca,37.6500877273544,36.5404366073298,3.0367757559908624
2021,1,Catamarca,39.9665262396528,37.6500877273544,6.152544793714798
2021,2,Catamarca,42.1850637677911,39.9665262396528,5.550989132343396
2021,3,Catamarca,43.4333359976317,42.1850637677911,2.959038385509507
2021,4,Catamarca,46.3800577589391,43.4333359976317,6.784470254525413
2022,1,Catamarca,51.22,46.3800577589391,10.435395027355405
2022,2,Catamarca,56.56,51.22,10.42561499414292
2022,3,Catamarca,60.99,56.56,7.832390381895332
2022,4,Catamarca,83.33,60.99,36.628955566486304
2023,1,Catamarca,87.41,83.33,4.896195847833911
2023,2,Catamarca,86.13,87.41,-1.464363345155018
2023,3,Catamarca,87.9,86.13,2.0550330895158604
2023,4,Catamarca,89.4,87.9,1.7064846416382253
2024,1,Catamarca,91.45,89.4,2.2930648769574913
2024,2,Catamarca,97.38,91.45,6.484417714598132
2014,2,Chaco,3.4206301023632,3.25583730374444,5.061456800351697
2014,3,Chaco,3.461947812451,3.4206301023632,1.2078976343935846
2014,4,Chaco,3.97740036330609,3.461947812451,14.8890907309824
2015,1,Chaco,4.89990879703037,3.97740036330609,23.193753443454543
2015,2,Chaco,5.19477141425948,4.89990879703037,6.017716440106286
2015,3,Chaco,5.46643296553986,5.19477141425948,5.229518868427537
2015,4,Chaco,5.82838418079096,5.46643296553986,6.621341879299054
2016,1,Chaco,5.99147268320831,5.82838418079096,2.7981769450760203
2016,2,Chaco,6.29735751095808,5.99147268320831,5.105336265773891
2016,3,Chaco,6.71822036324595,6.29735751095808,6.68316593992835
2016,4,Chaco,7.07753100591982,6.71822036324595,5.3483009375457025
2017,1,Chaco,7.30790539827282,7.07753100591982,3.255010711508143
2017,2,Chaco,7.68921343354413,7.30790539827282,5.217747281750937
2017,3,Chaco,8.4848712875555,7.68921343354413,10.347714507966687
2017,4,Chaco,11.7028681219594,8.4848712875555,37.926289337159865
2018,1,Chaco,12.444064678645,11.7028681219594,6.333460729125121
2018,2,Chaco,12.4994601819958,12.444064678645,0.4451560224197732
2018,3,Chaco,12.8949618906093,12.4994601819958,3.164150314132603
2018,4,Chaco,13.4920835702103,12.8949618906093,4.63065873840116
2019,1,Chaco,13.4442362690779,13.4920835702103,-0.35463241006039875
2019,2,Chaco,16.0102433309966,13.4442362690779,19.08629847439223
2019,3,Chaco,19.9946681226854,16.0102433309966,24.886722264706375
2019,4,Chaco,23.3749508001623,19.9946681226854,16.905920402058204
2020,1,Chaco,25.942049334121698,23.3749508001623,10.98226283300487
2020,2,Chaco,27.9522846743643,25.942049334121698,7.748945792029352
2020,3,Chaco,30.8027269485642,27.9522846743643,10.197528779513709
2020,4,Chaco,32.452046764181,30.8027269485642,5.354460396869761
2021,1,Chaco,33.6262012999863,32.452046764181,3.6181216683727797
2021,2,Chaco,37.3969095962221,33.6262012999863,11.213601746437352
2021,3,Chaco,39.1131358092076,37.3969095962221,4.589219353994086
2021,4,Chaco,42.3426375146886,39.1131358092076,8.256821240910947
2022,1,Chaco,45.84,42.3426375146886,8.259670843834838
2022,2,Chaco,50.61,45.84,10.405759162303656
2022,3,Chaco,53.21,50.61,5.13732463939933
2022,4,Chaco,104.02,53.21,95.48956962976884
2023,1,Chaco,104.33,104.02,0.2980196116131535
2023,2,Chaco,105.45,104.33,1.0735167257739908
2023,3,Chaco,107.5,105.45,1.9440493124703622
2023,4,Chaco,107.14,107.5,-0.334883720930232
2024,1,Chaco,107.51,107.14,0.3453425424678034
2024,2,Chaco,107.76,107.51,0.2325365082317924
2014,2,Chubut,3.15640525285759,3.17591667514646,-0.6143556108244045
2014,3,Chubut,3.16574179076398,3.15640525285759,0.2957965520408914
2014,4,Chubut,3.17464915813126,3.16574179076398,0.28136746317299416
2015,1,Chubut,3.2131565777598,3.17464915813126,1.212966148713175
2015,2,Chubut,3.21657164748512,3.2131565777598,0.10628394983790856
2015,3,Chubut,3.27903841147495,3.21657164748512,1.9420293043579462
2015,4,Chubut,3.2838650316133,3.27903841147495,0.14719620610296333
2016,1,Chubut,3.37966393307142,3.2838650316133,2.9172606223421984
2016,2,Chubut,3.33597349898555,3.37966393307142,-1.2927449282261776
2016,3,Chubut,3.34386632798464,3.33597349898555,0.2365974730162106
2016,4,Chubut,3.40719129144482,3.34386632798464,1.893764799454348
2017,1,Chubut,3.44338620087336,3.40719129144482,1.0623092844661397
2017,2,Chubut,3.44726909222351,3.44338620087336,0.11276374834647479
2017,3,Chubut,3.47834691566909,3.44726909222351,0.9015200906621008
2017,4,Chubut,5.40823807689014,3.47834691566909,55.48299833255186
2018,1,Chubut,5.41863793882778,5.40823807689014,0.19229667388496574
2018,2,Chubut,5.32985773059891,5.41863793882778,-1.6384229622117243
2018,3,Chubut,6.07672232294286,5.32985773059891,14.01284293305191
2018,4,Chubut,6.08522390368403,6.07672232294286,0.1399040517133998
2019,1,Chubut,5.89173056919616,6.08522390368403,-3.1797241572446913
2019,2,Chubut,6.05440689354379,5.89173056919616,2.7610957839476473
2019,3,Chubut,6.96632358847429,6.05440689354379,15.062031854894586
2019,4,Chubut,6.99411352344506,6.96632358847429,0.39891823309426194
2020,1,Chubut,7.1170477818654,6.99411352344506,1.7576817706525718
2020,2,Chubut,7.60548798455908,7.1170477818654,6.86296084646572
2020,3,Chubut,7.40207444184479,7.60548798455908,-2.6745626727340426
2020,4,Chubut,7.38308762641474,7.40207444184479,-0.25650668038023194
2021,1,Chubut,7.5315274091442,7.38308762641474,2.0105380057847517
2021,2,Chubut,7.67690621713348,7.5315274091442,1.9302699185927703
2021,3,Chubut,8.1768603631366,7.67690621713348,6.51244305795102
2021,4,Chubut,9.08266063855547,8.1768603631366,11.077604791962118
2022,1,Chubut,13.4,9.08266063855547,47.53386186331377
2022,2,Chubut,14.91,13.4,11.268656716417908
2022,3,Chubut,15.57,14.91,4.426559356136822
2022,4,Chubut,15.92,15.57,2.247912652536928
2023,1,Chubut,18.36,15.92,15.326633165829143
2023,2,Chubut,18.58,18.36,1.1982570806100157
2023,3,Chubut,19.26,18.58,3.659849300322946
2023,4,Chubut,20.29,19.26,5.34787123572169
2024,1,Chubut,20.5,20.29,1.0349926071956672
2024,2,Chubut,21.67,20.5,5.70731707317074
2014,2,Corrientes,3.36697059898026,3.21862508234916,4.608971620976369
2014,3,Corrientes,3.41092777664112,3.36697059898026,1.3055408821857006
2014,4,Corrientes,3.8061123116725,3.41092777664112,11.585837077457397
2015,1,Corrientes,4.62819022139316,3.8061123116725,21.59888732656495
2015,2,Corrientes,4.84719763799374,4.62819022139316,4.732031444780492
2015,3,Corrientes,5.06347381678221,4.84719763799374,4.461880759580228
2015,4,Corrientes,5.25948212049208,5.06347381678221,3.8710243363010237
2016,1,Corrientes,5.37127911707625,5.25948212049208,2.125627467171824
2016,2,Corrientes,5.60182256952425,5.37127911707625,4.292151784014748
2016,3,Corrientes,5.95819256106671,5.60182256952425,6.36167938415667
2016,4,Corrientes,6.23624560407751,5.95819256106671,4.6667347548938505
2017,1,Corrientes,6.43297127701597,6.23624560407751,3.1545530023678525
2017,2,Corrientes,6.79158048260705,6.43297127701597,5.574550081893509
2017,3,Corrientes,7.44741642808526,6.79158048260705,9.656602717994407
2017,4,Corrientes,10.384400430892,7.44741642808526,39.43628010018291
2018,1,Corrientes,11.1185028652536,10.384400430892,7.069280881905872
2018,2,Corrientes,10.8776528955992,11.1185028652536,-2.16620863953797
2018,3,Corrientes,11.4932283654571,10.8776528955992,5.659083588767066
2018,4,Corrientes,12.1389233933877,11.4932283654571,5.6180474919582775
2019,1,Corrientes,12.049695550812,12.1389233933877,-0.7350556526644138
2019,2,Corrientes,13.8330350838162,12.049695550812,14.79987212526731
2019,3,Corrientes,16.6999225509086,13.8330350838162,20.72493454778034
2019,4,Corrientes,19.2554116079714,16.6999225509086,15.302400650497406
2020,1,Corrientes,20.5389992749433,19.2554116079714,6.666113885825832
2020,2,Corrientes,22.1503060625758,20.5389992749433,7.845108547222288
2020,3,Corrientes,23.851523971243,22.1503060625758,7.680335900827592
2020,4,Corrientes,25.4467008966306,23.851523971243,6.687945505330604
2021,1,Corrientes,25.9851713597201,25.4467008966306,2.1160718054449186
2021,2,Corrientes,30.3680548020057,25.9851713597201,16.866863726284905
2021,3,Corrientes,32.1689008278583,30.3680548020057,5.9300670971314915
2021,4,Corrientes,35.772659194287,32.1689008278583,11.202615798758785
2022,1,Corrientes,38.11,35.772659194287,6.533874915528444
2022,2,Corrientes,43.31,38.11,13.644712673838896
2022,3,Corrientes,45.07,43.31,4.063726622027241
2022,4,Corrientes,94.72,45.07,110.16197026847125
2023,1,Corrientes,94.8,94.72,0.08445945945945767
2023,2,Corrientes,97.21,94.8,2.5421940928270006
2023,3,Corrientes,99.64,97.21,2.4997428248122695
2023,4,Corrientes,100.9,99.64,1.2645523885989614
2024,1,Corrientes,102.49,100.9,1.5758176412289289
2024,2,Corrientes,104.26,102.49,1.7269977558786325
2014,2,Córdoba,3.55678596068326,3.38740458152481,5.0003291629901625
2014,3,Córdoba,3.66006224955991,3.55678596068326,2.9036408155640165
2014,4,Córdoba,4.09290306218457,3.66006224955991,11.826050572683714
2015,1,Córdoba,4.30427928200685,4.09290306218457,5.164457027463992
2015,2,Córdoba,4.55793766620085,4.30427928200685,5.893167417234433
2015,3,Córdoba,4.86784900122509,4.55793766620085,6.79937633466055
2015,4,Córdoba,5.06708149326841,4.86784900122509,4.092823996660114
2016,1,Córdoba,5.15680161704967,5.06708149326841,1.7706469473690603
2016,2,Córdoba,5.51691282300281,5.15680161704967,6.983227835690312
2016,3,Córdoba,6.06852692351841,5.51691282300281,9.998600996840842
2016,4,Córdoba,6.46674036390561,6.06852692351841,6.561945681478901
2017,1,Córdoba,6.79947763737,6.46674036390561,5.145363115574843
2017,2,Córdoba,7.42132179907677,6.79947763737,9.14546962091776
2017,3,Córdoba,9.11557287304998,7.42132179907677,22.829505576539994
2017,4,Córdoba,11.6365847011566,9.11557287304998,27.65609867000181
2018,1,Córdoba,12.7905712174005,11.6365847011566,9.916883225446727
2018,2,Córdoba,13.8768094063495,12.7905712174005,8.492491621259763
2018,3,Córdoba,14.8182495375679,13.8768094063495,6.7842693781441765
2018,4,Córdoba,15.8136674336298,14.8182495375679,6.717513384683335
2019,1,Córdoba,15.7348642286459,15.8136674336298,-0.4983233985072544
2019,2,Córdoba,18.4315178319128,15.7348642286459,17.138079897489945
2019,3,Córdoba,23.1934023649398,18.4315178319128,25.835552863596252
2019,4,Córdoba,26.1622806145129,23.1934023649398,12.800529231799942
2020,1,Córdoba,29.3947878350613,26.1622806145129,12.355601823012504
2020,2,Córdoba,30.9875776371395,29.3947878350613,5.418613024239492
2020,3,Córdoba,33.5111949741979,30.9875776371395,8.143964548018664
2020,4,Córdoba,35.1206012418839,33.5111949741979,4.802592891495417
2021,1,Córdoba,36.1687993284376,35.1206012418839,2.9845676027426626
2021,2,Córdoba,39.5901164899479,36.1687993284376,9.459305326788392
2021,3,Córdoba,41.927787245662,39.5901164899479,5.9046826909631465
2021,4,Córdoba,46.3609074579921,41.927787245662,10.573227216489373
2022,1,Córdoba,49.89,46.3609074579921,7.612216273388596
2022,2,Córdoba,53.51,49.89,7.25596311886149
2022,3,Córdoba,56.32,53.51,5.251354886937025
2022,4,Córdoba,108.77,56.32,93.12855113636363
2023,1,Córdoba,109.57,108.77,0.7354969201066445
2023,2,Córdoba,111.82,109.57,2.05348179246144
2023,3,Córdoba,111.5,111.82,-0.2861742085494484
2023,4,Córdoba,114.03,111.5,2.269058295964127
2024,1,Córdoba,114.89,114.03,0.7541874945189857
2024,2,Córdoba,117.39,114.89,2.1759944294542604
2014,2,Entre Ríos,3.31240030997454,3.16729008998272,4.581526032325376
2014,3,Entre Ríos,3.39960794175268,3.31240030997454,2.632762456745759
2014,4,Entre Ríos,3.80005178711007,3.39960794175268,11.779118422430198
2015,1,Entre Ríos,4.34674650578663,3.80005178711007,14.386507061060872
2015,2,Entre Ríos,4.55056996750087,4.34674650578663,4.689103941140781
2015,3,Entre Ríos,4.76671236672909,4.55056996750087,4.749787406233932
2015,4,Entre Ríos,5.00785590529936,4.76671236672909,5.058906852727566
2016,1,Entre Ríos,5.08457490560524,5.00785590529936,1.5319729991570796
2016,2,Entre Ríos,5.13114278330125,5.08457490560524,0.9158657028471366
2016,3,Entre Ríos,5.58642748832949,5.13114278330125,8.872968932182417
2016,4,Entre Ríos,5.80735082912761,5.58642748832949,3.9546443815774333
2017,1,Entre Ríos,5.95147457570752,5.80735082912761,2.4817468553309503
2017,2,Entre Ríos,6.28781010629277,5.95147457570752,5.651297444134095
2017,3,Entre Ríos,6.99340063934965,6.28781010629277,11.221562374327005
2017,4,Entre Ríos,9.29596061999907,6.99340063934965,32.92475434188118
2018,1,Entre Ríos,9.87523936699876,9.29596061999907,6.231510337441048
2018,2,Entre Ríos,10.18670275176,9.87523936699876,3.1539831409261136
2018,3,Entre Ríos,10.5247535062873,10.18670275176,3.3185493163515907
2018,4,Entre Ríos,11.023282490377,10.5247535062873,4.7367283594042044
2019,1,Entre Ríos,10.659197328954,11.023282490377,-3.3028742730745977
2019,2,Entre Ríos,12.1933578179506,10.659197328954,14.392833171680747
2019,3,Entre Ríos,14.6951328665006,12.1933578179506,20.51752344105724
2019,4,Entre Ríos,17.0075808976571,14.6951328665006,15.736149187381729
2020,1,Entre Ríos,19.0297653350575,17.0075808976571,11.889900448328723
2020,2,Entre Ríos,20.4486211784426,19.0297653350575,7.455981817974489
2020,3,Entre Ríos,22.4325986462062,20.4486211784426,9.702255474589904
2020,4,Entre Ríos,24.0532782530605,22.4325986462062,7.224662788358637
2021,1,Entre Ríos,23.8713343731836,24.0532782530605,-0.7564203014769947
2021,2,Entre Ríos,27.6189730620356,23.8713343731836,15.699326356309573
2021,3,Entre Ríos,29.6012318794928,27.6189730620356,7.177163368836357
2021,4,Entre Ríos,33.3171258416746,29.6012318794928,12.55317338585529
2022,1,Entre Ríos,35.59,33.3171258416746,6.821939470788277
2022,2,Entre Ríos,40.03,35.59,12.475414442259055
2022,3,Entre Ríos,42.49,40.03,6.145390956782415
2022,4,Entre Ríos,87.47,42.49,105.86020240056482
2023,1,Entre Ríos,86.71,87.47,-0.8688693266262777
2023,2,Entre Ríos,89.37,86.71,3.0676969207703966
2023,3,Entre Ríos,96.26,89.37,7.709522211032785
2023,4,Entre Ríos,101.18,96.26,5.111157282360276
2024,1,Entre Ríos,101.36,101.18,0.17790077090333326
2024,2,Entre Ríos,100.98,101.36,-0.374901341752166
2014,2,Formosa,2.65235125,2.57372921091968,3.0547906417950537
2014,3,Formosa,2.65628301523038,2.65235125,0.14823697390681706
2014,4,Formosa,3.02332661782662,2.65628301523038,13.81794035092328
2015,1,Formosa,3.38115011235955,3.02332661782662,11.835423021220205
2015,2,Formosa,3.76491568402765,3.38115011235955,11.350148881745078
2015,3,Formosa,4.16616410219452,3.76491568402765,10.657567176580708
2015,4,Formosa,4.66030856858068,4.16616410219452,11.860897801070067
2016,1,Formosa,4.87233338042096,4.66030856858068,4.549587408647772
2016,2,Formosa,5.10413219586628,4.87233338042096,4.757449816073414
2016,3,Formosa,5.4161310069991,5.10413219586628,6.112671050830154
2016,4,Formosa,5.63067416491632,5.4161310069991,3.9611884875009875
2017,1,Formosa,5.74238893190157,5.63067416491632,1.9840389216858685
2017,2,Formosa,6.1786533146405,5.74238893190157,7.597262879831837
2017,3,Formosa,7.06882153411281,6.1786533146405,14.407155963307247
2017,4,Formosa,10.1141704637663,7.06882153411281,43.08142333141679
2018,1,Formosa,11.0568153674695,10.1141704637663,9.320041688838415
2018,2,Formosa,8.97498653077717,11.0568153674695,-18.82846703597245
2018,3,Formosa,9.31849544106828,8.97498653077717,3.827403073120429
2018,4,Formosa,9.8168937119138,9.31849544106828,5.348484355628803
2019,1,Formosa,9.82508995783571,9.8168937119138,0.08349123625493962
2019,2,Formosa,10.8366112194808,9.82508995783571,10.295287534119531
2019,3,Formosa,13.223537484062,10.8366112194808,22.026500870403673
2019,4,Formosa,14.5256295515193,13.223537484062,9.846775637961318
2020,1,Formosa,15.6973526074151,14.5256295515193,8.066590516713571
2020,2,Formosa,16.8702589931144,15.6973526074151,7.4720012669222
2020,3,Formosa,18.2828320694304,16.8702589931144,8.373155841250208
2020,4,Formosa,19.6983490087788,18.2828320694304,7.742328617212424
2021,1,Formosa,20.9803275069752,19.6983490087788,6.508050484967412
2021,2,Formosa,23.9663045280676,20.9803275069752,14.232270778898325
2021,3,Formosa,26.6894267849467,23.9663045280676,11.362295149383492
2021,4,Formosa,28.7576489476942,26.6894267849467,7.749219117414738
2022,1,Formosa,30.28,28.7576489476942,5.293725697377858
2022,2,Formosa,28.47,30.28,-5.977542932628805
2022,3,Formosa,30.35,28.47,6.603442219880586
2022,4,Formosa,72.03,30.35,137.33113673805602
2023,1,Formosa,73.96,72.03,2.6794391225878003
2023,2,Formosa,77.32,73.96,4.542996214169821
2023,3,Formosa,80.29,77.32,3.8411795137092772
2023,4,Formosa,83.35,80.29,3.8111844563457313
2024,1,Formosa,83.8,83.35,0.5398920215956843
2024,2,Formosa,82.66,83.8,-1.3603818615751797
2014,2,Jujuy,2.76903167947822,2.69026334940686,2.9279040688981737
2014,3,Jujuy,2.93070539025186,2.76903167947822,5.838637093675459
2014,4,Jujuy,3.12764210819079,2.93070539025186,6.719771922281334
2015,1,Jujuy,3.24190210859827,3.12764210819079,3.653231298691483
2015,2,Jujuy,3.40867884314609,3.24190210859827,5.144409947033554
2015,3,Jujuy,3.53272455120101,3.40867884314609,3.6391139723926123
2015,4,Jujuy,3.7246804758923,3.53272455120101,5.433651050604304
2016,1,Jujuy,3.77122134259834,3.7246804758923,1.2495264226628877
2016,2,Jujuy,3.84335304395807,3.77122134259834,1.9126880871445187
2016,3,Jujuy,4.21529113090901,3.84335304395807,9.677437453622542
2016,4,Jujuy,4.32396274574204,4.21529113090901,2.578033437268078
2017,1,Jujuy,4.39386125963475,4.32396274574204,1.6165383006951553
2017,2,Jujuy,4.54186187819401,4.39386125963475,3.3683498365982176
2017,3,Jujuy,4.6890067253692,4.54186187819401,3.2397472913399095
2017,4,Jujuy,6.63882127356649,4.6890067253692,41.58267757749413
2018,1,Jujuy,6.74118587938453,6.63882127356649,1.541909348058828
2018,2,Jujuy,6.28934558921364,6.74118587938453,-6.7026825584602285
2018,3,Jujuy,7.66987215181415,6.28934558921364,21.950241770274843
2018,4,Jujuy,8.56273760175261,7.66987215181415,11.641203820161088
2019,1,Jujuy,8.56046421746506,8.56273760175261,-0.026549736699681886
2019,2,Jujuy,12.0733822805073,8.56046421746506,41.03653696577789
2019,3,Jujuy,11.9682409299243,12.0733822805073,-0.8708524930313145
2019,4,Jujuy,12.9592000428042,11.9682409299243,8.279906117215566
2020,1,Jujuy,14.1449220571547,12.9592000428042,9.149654380162843
2020,2,Jujuy,15.8640136318626,14.1449220571547,12.153418504263577
2020,3,Jujuy,21.91041968687,15.8640136318626,38.113974151303665
2020,4,Jujuy,25.2063932841615,21.91041968687,15.04295054314564
2021,1,Jujuy,26.777362312404,25.2063932841615,6.232422903714764
2021,2,Jujuy,25.8124778568622,26.777362312404,-3.603358853216257
2021,3,Jujuy,25.9807025202975,25.8124778568622,0.6517183835203862
2021,4,Jujuy,27.1443430384171,25.9807025202975,4.478864715880972
2022,1,Jujuy,27.69,27.1443430384171,2.010205075918165
2022,2,Jujuy,29.39,27.69,6.139400505597686
2022,3,Jujuy,32.43,29.39,10.343654304185094
2022,4,Jujuy,39.32,32.43,21.24576009867407
2023,1,Jujuy,42.75,39.32,8.723296032553407
2023,2,Jujuy,43.56,42.75,1.8947368421052686
2023,3,Jujuy,44.55,43.56,2.272727272727261
2023,4,Jujuy,46.2,44.55,3.7037037037037166
2024,1,Jujuy,47.52,46.2,2.8571428571428577
2024,2,Jujuy,49.87,47.52,4.945286195286183
2014,2,La Pampa,2.68457605542687,2.64721042446136,1.4115096639177405
2014,3,La Pampa,2.81651954574832,2.68457605542687,4.91487250118044
2014,4,La Pampa,2.7542087306377,2.81651954574832,-2.212333843188887
2015,1,La Pampa,2.83409951021787,2.7542087306377,2.9006799191168184
2015,2,La Pampa,2.86265664010624,2.83409951021787,1.0076262243231782
2015,3,La Pampa,2.91493221414279,2.86265664010624,1.826120999080423
2015,4,La Pampa,2.93674770722963,2.91493221414279,0.7484048164480334
2016,1,La Pampa,3.04764203627926,2.93674770722963,3.7760931515033533
2016,2,La Pampa,3.14606780652538,3.04764203627926,3.2295712250472954
2016,3,La Pampa,3.14499842618823,3.14606780652538,-0.0339910136371627
2016,4,La Pampa,3.1895597297498,3.14499842618823,1.4168943040006272
2017,1,La Pampa,3.22081358421833,3.1895597297498,0.9798798930465974
2017,2,La Pampa,3.31825936149611,3.22081358421833,3.025501933898151
2017,3,La Pampa,3.43810111433207,3.31825936149611,3.611584863635465
2017,4,La Pampa,3.9758194449815,3.43810111433207,15.639980115997668
2018,1,La Pampa,3.9951313520641,3.9758194449815,0.48573400653232224
2018,2,La Pampa,4.09836417105747,3.9951313520641,2.5839655795055188
2018,3,La Pampa,4.28304837616766,4.09836417105747,4.506290739471728
2018,4,La Pampa,4.31909495794348,4.28304837616766,0.8416104281332817
2019,1,La Pampa,5.0578618428674,4.31909495794348,17.104668735407497
2019,2,La Pampa,5.49228832141797,5.0578618428674,8.589132958686852
2019,3,La Pampa,5.71966646489104,5.49228832141797,4.1399527877365045
2019,4,La Pampa,6.52615219569304,5.71966646489104,14.100223076860205
2020,1,La Pampa,7.29175772047483,6.52615219569304,11.731346463036118
2020,2,La Pampa,8.0288622555984,7.29175772047483,10.108735964359093
2020,3,La Pampa,10.6976309054021,8.0288622555984,33.239686581281305
2020,4,La Pampa,9.87560517086093,10.6976309054021,-7.684184861211314
2021,1,La Pampa,10.7285119295318,9.87560517086093,8.636501195769421
2021,2,La Pampa,12.2792237380482,10.7285119295318,14.454118322298164
2021,3,La Pampa,12.9916150724036,12.2792237380482,5.80159910392378
2021,4,La Pampa,13.8538828428544,12.9916150724036,6.637109902389293
2022,1,La Pampa,14.84,13.8538828428544,7.1179839495627215
2022,2,La Pampa,16.07,14.84,8.288409703504046
2022,3,La Pampa,18.1,16.07,12.63223397635346
2022,4,La Pampa,19.1,18.1,5.524861878453039
2023,1,La Pampa,20.09,19.1,5.18324607329842
2023,2,La Pampa,22.78,20.09,13.38974614235939
2023,3,La Pampa,24.21,22.78,6.277436347673396
2023,4,La Pampa,25.61,24.21,5.782734407269717
2024,1,La Pampa,26.55,25.61,3.6704412338930155
2024,2,La Pampa,28.73,26.55,8.210922787193972
2014,2,La Rioja,3.09515334338864,2.96474037298708,4.3987990176072165
2014,3,La Rioja,3.09517878464149,3.09515334338864,0.0008219706756869929
2014,4,La Rioja,3.58202389952445,3.09517878464149,15.729143573182972
2015,1,La Rioja,3.78040210603649,3.58202389952445,5.538159768793742
2015,2,La Rioja,4.00155139620813,3.78040210603649,5.849888026951224
2015,3,La Rioja,4.24585057539801,4.00155139620813,6.1051116179933995
2015,4,La Rioja,4.52167186392629,4.24585057539801,6.496255193870648
2016,1,La Rioja,4.61697393805045,4.52167186392629,2.1076733781696175
2016,2,La Rioja,4.77384306700108,4.61697393805045,3.3976611316300454
2016,3,La Rioja,5.07673173900207,4.77384306700108,6.344755530291539
2016,4,La Rioja,5.34376242721422,5.07673173900207,5.259893607548398
2017,1,La Rioja,5.42718047337278,5.34376242721422,1.5610358299937868
2017,2,La Rioja,5.53385510805501,5.42718047337278,1.9655626932917554
2017,3,La Rioja,5.01009020876666,5.53385510805501,-9.464738217051703
2017,4,La Rioja,5.87758884950666,5.01009020876666,17.315030360572155
2018,1,La Rioja,5.89082060411163,5.87758884950666,0.22512215372261796
2018,2,La Rioja,5.59186158436808,5.89082060411163,-5.074997862519948
2018,3,La Rioja,6.1560132256261,5.59186158436808,10.08879838576643
2018,4,La Rioja,7.09338212515489,6.1560132256261,15.226882483402312
2019,1,La Rioja,7.09279228699204,7.09338212515489,-0.008315330436777863
2019,2,La Rioja,7.89416348600509,7.09279228699204,11.298388090156537
2019,3,La Rioja,8.00237529691211,7.89416348600509,1.370782491379351
2019,4,La Rioja,8.00088036402963,8.00237529691211,-0.018681114381834455
2020,1,La Rioja,7.96241894715069,8.00088036402963,-0.4807148104832939
2020,2,La Rioja,11.6691109619773,7.96241894715069,46.55233590984345
2020,3,La Rioja,12.1947037670582,11.6691109619773,4.504137519931859
2020,4,La Rioja,12.5346559805983,12.1947037670582,2.7877037444601105
2021,1,La Rioja,12.6975547321819,12.5346559805983,1.2995869358978904
2021,2,La Rioja,38.5348943830077,12.6975547321819,203.4827980330825
2021,3,La Rioja,38.8679518544504,38.5348943830077,0.8643009842776803
2021,4,La Rioja,39.69594513668,38.8679518544504,2.1302724808608438
2022,1,La Rioja,41.37,39.69594513668,4.217193613997437
2022,2,La Rioja,43.28,41.37,4.616872129562495
2022,3,La Rioja,44.3,43.28,2.3567467652495284
2022,4,La Rioja,61.0,44.3,37.69751693002259
2023,1,La Rioja,63.13,61.0,3.4918032786885287
2023,2,La Rioja,63.55,63.13,0.6652938381118242
2023,3,La Rioja,63.84,63.55,0.45633359559403036
2023,4,La Rioja,64.18,63.84,0.5325814536340906
2024,1,La Rioja,63.71,64.18,-0.7323153630414552
2024,2,La Rioja,64.24,63.71,0.8318945220530436
2014,2,Mendoza,3.50303318206071,3.50268055655512,0.010067304165947269
2014,3,Mendoza,3.50285317684907,3.50303318206071,-0.00513855285646951
2014,4,Mendoza,3.49876776859991,3.50285317684907,-0.11663087325958398
2015,1,Mendoza,3.49913067089835,3.49876776859991,0.010372288829708726
2015,2,Mendoza,3.49972410886249,3.49913067089835,0.01695958282083809
2015,3,Mendoza,3.50016095102191,3.49972410886249,0.012482188476326013
2015,4,Mendoza,3.5017779300891,3.50016095102191,0.046197277491430135
2016,1,Mendoza,3.50286892297888,3.5017779300891,0.03115539910185005
2016,2,Mendoza,3.50016856787161,3.50286892297888,-0.07708981314017663
2016,3,Mendoza,3.50729080145311,3.50016856787161,0.20348258786378032
2016,4,Mendoza,3.50660346974538,3.50729080145311,-0.01959722608245268
2017,1,Mendoza,3.5072942051441,3.50660346974538,0.019698132528510066
2017,2,Mendoza,3.50725586321512,3.5072942051441,-0.0010932053810468396
2017,3,Mendoza,3.51296266166304,3.50725586321512,0.1627140610918622
2017,4,Mendoza,5.71002586675844,3.51296266166304,62.54160424396053
2018,1,Mendoza,5.88162696916937,5.71002586675844,3.0052596330592034
2018,2,Mendoza,5.88052966304504,5.88162696916937,-0.018656506610873647
2018,3,Mendoza,5.78601567715813,5.88052966304504,-1.6072359345598297
2018,4,Mendoza,5.74667510243432,5.78601567715813,-0.6799251318851008
2019,1,Mendoza,5.7427641753174,5.74667510243432,-0.06805547637909333
2019,2,Mendoza,6.02629690452623,5.7427641753174,4.937217001308601
2019,3,Mendoza,6.10822854552147,6.02629690452623,1.359568608936323
2019,4,Mendoza,7.78520088998709,6.10822854552147,27.45431563288786
2020,1,Mendoza,8.440867710217,7.78520088998709,8.421964050705414
2020,2,Mendoza,9.27456273209416,8.440867710217,9.876887667224524
2020,3,Mendoza,10.1874910345956,9.27456273209416,9.843356812308759
2020,4,Mendoza,11.0931713194572,10.1874910345956,8.890121049294756
2021,1,Mendoza,12.5993612452542,11.0931713194572,13.577631521431316
2021,2,Mendoza,13.465987205003,12.5993612452542,6.878332503365854
2021,3,Mendoza,13.3651561731845,13.465987205003,-0.7487830656859503
2021,4,Mendoza,22.2315834010052,13.3651561731845,66.33986997929786
2022,1,Mendoza,26.2,22.2315834010052,17.85035517899894
2022,2,Mendoza,29.72,26.2,13.435114503816791
2022,3,Mendoza,34.16,29.72,14.939434724091512
2022,4,Mendoza,38.76,34.16,13.466042154566752
2023,1,Mendoza,41.45,38.76,6.940144478844182
2023,2,Mendoza,42.69,41.45,2.9915560916767063
2023,3,Mendoza,46.96,42.69,10.002342468962294
2023,4,Mendoza,49.46,46.96,5.3236797274275975
2024,1,Mendoza,51.85,49.46,4.83218762636474
2024,2,Mendoza,55.32,51.85,6.692381870781097
2014,2,Misiones,3.54002388571276,3.40312626767991,4.022701694409369
2014,3,Misiones,3.57752385757149,3.54002388571276,1.0593140913561807
2014,4,Misiones,4.02561996141346,3.57752385757149,12.525314202828216
2015,1,Misiones,4.9730042513212,4.02561996141346,23.533873018035667
2015,2,Misiones,5.32756264967692,4.9730042513212,7.129662080251044
2015,3,Misiones,5.63428905090369,5.32756264967692,5.757349493494387
2015,4,Misiones,5.9022914436487,5.63428905090369,4.756631942800746
2016,1,Misiones,6.00096871738031,5.9022914436487,1.6718468525947525
2016,2,Misiones,6.23366056675479,6.00096871738031,3.877571444432731
2016,3,Misiones,6.74122226984224,6.23366056675479,8.142273671337922
2016,4,Misiones,7.10947580910136,6.74122226984224,5.462711723755968
2017,1,Misiones,7.34104198891632,7.10947580910136,3.257148431653926
2017,2,Misiones,7.60433849052066,7.34104198891632,3.5866366382575
2017,3,Misiones,8.43038302528699,7.60433849052066,10.862805959993125
2017,4,Misiones,11.3241237232496,8.43038302528699,34.325139074735006
2018,1,Misiones,12.082189465143,11.3241237232496,6.694255206140241
2018,2,Misiones,11.759657402552,12.082189465143,-2.6694835693605174
2018,3,Misiones,12.4874857587211,11.759657402552,6.189196940475084
2018,4,Misiones,12.4951126741558,12.4874857587211,0.06107646953169961
2019,1,Misiones,12.5127734596835,12.4951126741558,0.1413415467971546
2019,2,Misiones,14.5013025473924,12.5127734596835,15.891993043077113
2019,3,Misiones,17.9315224613728,14.5013025473924,23.654564152219663
2019,4,Misiones,20.3203474357427,17.9315224613728,13.321930580717774
2020,1,Misiones,22.1482130684363,20.3203474357427,8.995247933007551
2020,2,Misiones,22.5601226175832,22.1482130684363,1.8597868273803064
2020,3,Misiones,24.1417618725215,22.5601226175832,7.01077419546284
2020,4,Misiones,24.9566177796804,24.1417618725215,3.3752959351586567
2021,1,Misiones,25.0768261260814,24.9566177796804,0.4816692208143424
2021,2,Misiones,28.6822217353969,25.0768261260814,14.377400039336214
2021,3,Misiones,30.878718314265,28.6822217353969,7.6580419715443115
2021,4,Misiones,38.9033492509076,30.878718314265,25.98757777111323
2022,1,Misiones,41.87,38.9033492509076,7.6256949754093055
2022,2,Misiones,46.23,41.87,10.41318366372104
2022,3,Misiones,49.3,46.23,6.64070949599827
2022,4,Misiones,91.24,49.3,85.0709939148073
2023,1,Misiones,89.81,91.24,-1.567295046032434
2023,2,Misiones,90.55,89.81,0.8239616969157051
2023,3,Misiones,91.49,90.55,1.0381004969630014
2023,4,Misiones,93.65,91.49,2.3609137610667954
2024,1,Misiones,94.98,93.65,1.420181526962091
2024,2,Misiones,96.15,94.98,1.2318382817435267
2014,2,Neuquén,3.66470433804515,3.54930165082541,3.251419534682342
2014,3,Neuquén,3.7429104879161,3.66470433804515,2.1340370915888762
2014,4,Neuquén,3.85077258259739,3.7429104879161,2.8817706175320006
2015,1,Neuquén,3.91149163819858,3.85077258259739,1.576801909195956
2015,2,Neuquén,4.05961773753304,3.91149163819858,3.786946593158998
2015,3,Neuquén,4.22994398489574,4.05961773753304,4.19562279935755
2015,4,Neuquén,4.35559286155294,4.22994398489574,2.9704619518808393
2016,1,Neuquén,4.42049314901527,4.35559286155294,1.490044857847219
2016,2,Neuquén,4.86640695565863,4.42049314901527,10.08742218597701
2016,3,Neuquén,5.29216686473129,4.86640695565863,8.74895817287925
2016,4,Neuquén,5.67844630654237,5.29216686473129,7.299079029147233
2017,1,Neuquén,6.03483614442139,5.67844630654237,6.276185749408395
2017,2,Neuquén,6.70061069844688,6.03483614442139,11.032189409830673
2017,3,Neuquén,8.16517738570226,6.70061069844688,21.85721202389579
2017,4,Neuquén,10.7191515245403,8.16517738570226,31.27885676201242
2018,1,Neuquén,11.9604599560741,10.7191515245403,11.580286263254735
2018,2,Neuquén,13.365011560108,11.9604599560741,11.743290886740528
2018,3,Neuquén,14.6742442866248,13.365011560108,9.795971523321455
2018,4,Neuquén,15.8912336460704,14.6742442866248,8.293369904948735
2019,1,Neuquén,15.8846532639152,15.8912336460704,-0.04140888178828392
2019,2,Neuquén,17.242865250196,15.8846532639152,8.55046669080414
2019,3,Neuquén,23.7484151599667,17.242865250196,37.728937826599044
2019,4,Neuquén,26.0198843147829,23.7484151599667,9.564718906570537
2020,1,Neuquén,27.7682820789762,26.0198843147829,6.719467861738214
2020,2,Neuquén,29.1001476238785,27.7682820789762,4.796355572571326
2020,3,Neuquén,31.4609040270338,29.1001476238785,8.112523804580809
2020,4,Neuquén,33.9078648667739,31.4609040270338,7.777782983087422
2021,1,Neuquén,34.2385026475364,33.9078648667739,0.9751064599956307
2021,2,Neuquén,36.1097214584669,34.2385026475364,5.465247210701669
2021,3,Neuquén,38.3422231542874,36.1097214584669,6.18255030958438
2021,4,Neuquén,40.0925301111676,38.3422231542874,4.564959496054877
2022,1,Neuquén,43.05,40.0925301111676,7.376610756746952
2022,2,Neuquén,46.53,43.05,8.083623693379801
2022,3,Neuquén,47.81,46.53,2.750913389211264
2022,4,Neuquén,95.37,47.81,99.47709684166493
2023,1,Neuquén,93.42,95.37,-2.0446681346335356
2023,2,Neuquén,93.97,93.42,0.5887390280453834
2023,3,Neuquén,96.57,93.97,2.7668404810045697
2023,4,Neuquén,99.63,96.57,3.168685927306619
2024,1,Neuquén,98.16,99.63,-1.4754591990364336
2024,2,Neuquén,97.04,98.16,-1.140994295028515
2014,2,Río Negro,3.42862575044451,3.3537963181895,2.2311859503562648
2014,3,Río Negro,3.47997917029004,3.42862575044451,1.49778434811301
2014,4,Río Negro,3.54312925425425,3.47997917029004,1.8146684469650662
2015,1,Río Negro,3.58529708825738,3.54312925425425,1.1901297123862653
2015,2,Río Negro,3.66673444862143,3.58529708825738,2.271425724545262
2015,3,Río Negro,3.73683145620249,3.66673444862143,1.9117012307071757
2015,4,Río Negro,3.76893229959851,3.73683145620249,0.8590391023051926
2016,1,Río Negro,3.82665919682892,3.76893229959851,1.531651211579459
2016,2,Río Negro,3.97661641190515,3.82665919682892,3.918750203846126
2016,3,Río Negro,4.16292428248275,3.97661641190515,4.685085290596146
2016,4,Río Negro,4.36993046316533,4.16292428248275,4.972614600598073
2017,1,Río Negro,4.44944887797169,4.36993046316533,1.8196723146198874
2017,2,Río Negro,4.74135085738145,4.44944887797169,6.56040753395115
2017,3,Río Negro,5.48727880467388,4.74135085738145,15.73239293462435
2017,4,Río Negro,8.04552232467275,5.48727880467388,46.621351148037945
2018,1,Río Negro,8.97624319436158,8.04552232467275,11.56818453954992
2018,2,Río Negro,9.50959511437395,8.97624319436158,5.9418167318304675
2018,3,Río Negro,10.0644600810675,9.50959511437395,5.834790651127307
2018,4,Río Negro,10.4870055652755,10.0644600810675,4.198391973384245
2019,1,Río Negro,10.4884206481363,10.4870055652755,0.013493678934301532
2019,2,Río Negro,11.6280502043199,10.4884206481363,10.865597351743343
2019,3,Río Negro,15.9837185039992,11.6280502043199,37.4582859821257
2019,4,Río Negro,17.176998973856,15.9837185039992,7.465599882519439
2020,1,Río Negro,19.0603005640612,17.176998973856,10.964089786997434
2020,2,Río Negro,19.6795960472832,19.0603005640612,3.249138077023305
2020,3,Río Negro,21.0777787032588,19.6795960472832,7.1047324986562455
2020,4,Río Negro,21.63671918985,21.0777787032588,2.65179976723441
2021,1,Río Negro,21.923906760831,21.63671918985,1.3273157009668985
2021,2,Río Negro,23.7484466814427,21.923906760831,8.322147783767281
2021,3,Río Negro,25.4000651971487,23.7484466814427,6.954638077430937
2021,4,Río Negro,27.2031704548921,25.4000651971487,7.0988213760404415
2022,1,Río Negro,31.09,27.2031704548921,14.288149065392892
2022,2,Río Negro,33.26,31.09,6.979736249597936
2022,3,Río Negro,34.13,33.26,2.6157546602525694
2022,4,Río Negro,75.31,34.13,120.65631409317315
2023,1,Río Negro,74.4,75.31,-1.2083388660204442
2023,2,Río Negro,70.76,74.4,-4.89247311827957
2023,3,Río Negro,70.93,70.76,0.24024872809497133
2023,4,Río Negro,74.37,70.93,4.849851966727757
2024,1,Río Negro,75.0,74.37,0.8471157724889007
2024,2,Río Negro,75.05,75.0,0.06666666666666288
2014,2,Salta,3.39113775110879,3.30090197925452,2.733670142930118
2014,3,Salta,3.41091036248803,3.39113775110879,0.5830671836546674
2014,4,Salta,3.86225943150255,3.41091036248803,13.232510416523846
2015,1,Salta,4.02277793616362,3.86225943150255,4.156077744332748
2015,2,Salta,4.21812164568684,4.02277793616362,4.85594066148012
2015,3,Salta,4.42183141297756,4.21812164568684,4.829395271210808
2015,4,Salta,4.67346703814158,4.42183141297756,5.690755744904682
2016,1,Salta,4.74185878457152,4.67346703814158,1.4634049169872048
2016,2,Salta,4.74937893532293,4.74185878457152,0.15859077828041063
2016,3,Salta,5.05287443655048,4.74937893532293,6.39021449668585
2016,4,Salta,5.22088357784697,5.05287443655048,3.3250211024675083
2017,1,Salta,5.33537121782187,5.22088357784697,2.1928786242368865
2017,2,Salta,5.75621313483984,5.33537121782187,7.887772000047939
2017,3,Salta,6.13314620689655,5.75621313483984,6.548282060219386
2017,4,Salta,8.45174276777563,6.13314620689655,37.80435819827486
2018,1,Salta,9.1894409821995,8.45174276777563,8.728356206444527
2018,2,Salta,8.92827170644268,9.1894409821995,-2.8420583609244514
2018,3,Salta,9.26584817756241,8.92827170644268,3.7809833999130174
2018,4,Salta,10.4572840891359,9.26584817756241,12.858357796737879
2019,1,Salta,10.3771000139695,10.4572840891359,-0.7667772481164942
2019,2,Salta,12.5487487506016,10.3771000139695,20.92731816893601
2019,3,Salta,14.7464652444555,12.5487487506016,17.513431319186616
2019,4,Salta,19.0835730228338,14.7464652444555,29.411168754552907
2020,1,Salta,21.4250472439027,19.0835730228338,12.269579801787058
2020,2,Salta,22.5585361879566,21.4250472439027,5.290485155763091
2020,3,Salta,25.2611559240277,22.5585361879566,11.980474768189772
2020,4,Salta,25.3224396507447,25.2611559240277,0.24260064306362902
2021,1,Salta,27.3188406940498,25.3224396507447,7.883920628660243
2021,2,Salta,29.2393542207424,27.3188406940498,7.0299964343322126
2021,3,Salta,31.2096818570388,29.2393542207424,6.738615433916284
2021,4,Salta,33.9406397449852,31.2096818570388,8.750354779186829
2022,1,Salta,36.71,33.9406397449852,8.159422673887525
2022,2,Salta,38.77,36.71,5.61154998637974
2022,3,Salta,41.33,38.77,6.603043590404939
2022,4,Salta,75.93,41.33,83.71642874425359
2023,1,Salta,76.85,75.93,1.2116423021203575
2023,2,Salta,79.1,76.85,2.9277813923227067
2023,3,Salta,80.8,79.1,2.1491782553729495
2023,4,Salta,83.04,80.8,2.7722772277227836
2024,1,Salta,84.34,83.04,1.5655105973025014
2024,2,Salta,87.03,84.34,3.1894711880483726
2014,2,San Juan,3.47248406459358,3.46913845974917,0.09643906933169633
2014,3,San Juan,3.47372598559039,3.47248406459358,0.03576462767599632
2014,4,San Juan,3.47522016922811,3.47372598559039,0.04301386015816829
2015,1,San Juan,3.47698917009324,3.47522016922811,0.05090327458369397
2015,2,San Juan,3.47891928906671,3.47698917009324,0.05551121614273516
2015,3,San Juan,3.48109282037388,3.47891928906671,0.062477198421952734
2015,4,San Juan,3.48160411695573,3.48109282037388,0.014687818114404755
2016,1,San Juan,3.48552349076048,3.48160411695573,0.11257379280034567
2016,2,San Juan,3.48837182942843,3.48552349076048,0.08171910691465202
2016,3,San Juan,3.48906744628773,3.48837182942843,0.01994101814008604
2016,4,San Juan,3.49113555404487,3.48906744628773,0.05927394035734298
2017,1,San Juan,3.49243516124643,3.49113555404487,0.037225916365646206
2017,2,San Juan,3.49203380952381,3.49243516124643,-0.011492030749019647
2017,3,San Juan,3.44978420649118,3.49203380952381,-1.209885279959285
2017,4,San Juan,5.83226007301013,3.44978420649118,69.0615912159386
2018,1,San Juan,5.85058103554975,5.83226007301013,0.3141314397895825
2018,2,San Juan,5.84559783069231,5.85058103554975,-0.0851745292845327
2018,3,San Juan,5.73820472587736,5.84559783069231,-1.8371620478419348
2018,4,San Juan,5.71526653935785,5.73820472587736,-0.3997450006631257
2019,1,San Juan,5.83926318942954,5.71526653935785,2.169568981915279
2019,2,San Juan,6.11852201306904,5.83926318942954,4.782432553220488
2019,3,San Juan,6.0382295086509,6.11852201306904,-1.3122859449820743
2019,4,San Juan,6.04017169846849,6.0382295086509,0.03216488897626704
2020,1,San Juan,6.0369845914841,6.04017169846849,-0.05276517197678249
2020,2,San Juan,6.30861496319647,6.0369845914841,4.499437883203098
2020,3,San Juan,6.02786479358268,6.30861496319647,-4.450266361977155
2020,4,San Juan,6.41286739795318,6.02786479358268,6.3870477781847015
2021,1,San Juan,6.91008999538207,6.41286739795318,7.753514404298937
2021,2,San Juan,6.99316260162602,6.91008999538207,1.202192826713779
2021,3,San Juan,7.04130082039497,6.99316260162602,0.688361210959937
2021,4,San Juan,11.0527493081578,7.04130082039497,56.97027566474306
2022,1,San Juan,11.99,11.0527493081578,8.479796887733944
2022,2,San Juan,14.44,11.99,20.433694745621345
2022,3,San Juan,15.84,14.44,9.695290858725764
2022,4,San Juan,16.39,15.84,3.4722222222222268
2023,1,San Juan,18.7,16.39,14.093959731543615
2023,2,San Juan,20.39,18.7,9.03743315508022
2023,3,San Juan,24.45,20.39,19.91172143207454
2023,4,San Juan,24.78,24.45,1.34969325153375
2024,1,San Juan,30.58,24.78,23.405972558514918
2024,2,San Juan,32.17,30.58,5.199476782210607
2014,2,San Luis,3.50410448104175,3.50281532213108,0.03680350781055501
2014,3,San Luis,3.50311319018405,3.50410448104175,-0.028289420679744177
2014,4,San Luis,3.50362120635887,3.50311319018405,0.014501848705407319
2015,1,San Luis,3.50099427046543,3.50362120635887,-0.0749777369960011
2015,2,San Luis,3.50277095310136,3.50099427046543,0.050747944688690066
2015,3,San Luis,3.50275387159826,3.50277095310136,-0.0004876568673397406
2015,4,San Luis,3.50293742586002,3.50275387159826,0.005240284315954888
2016,1,San Luis,3.50290043923865,3.50293742586002,-0.0010558744525960922
2016,2,San Luis,3.50198336917563,3.50290043923865,-0.026180306261258987
2016,3,San Luis,3.50302377404017,3.50198336917563,0.02970901785820689
2016,4,San Luis,3.50282414997505,3.50302377404017,-0.005698621476657274
2017,1,San Luis,3.50282414997505,3.50282414997505,0.0
2017,2,San Luis,3.50282414997505,3.50282414997505,0.0
2017,3,San Luis,3.50338739319684,3.50282414997505,0.016079688778950628
2017,4,San Luis,5.73220880135405,3.50338739319684,63.6190394612173
2018,1,San Luis,5.89436270457927,5.73220880135405,2.828820596816297
2018,2,San Luis,5.90057518488085,5.89436270457927,0.10539698035131058
2018,3,San Luis,8.81498757935413,5.90057518488085,49.392005069962174
2018,4,San Luis,8.81899279190052,8.81498757935413,0.045436394666865595
2019,1,San Luis,8.70855518875459,8.81899279190052,-1.2522700239346836
2019,2,San Luis,19.8759728483994,8.70855518875459,128.23502197087026
2019,3,San Luis,19.7438269823496,19.8759728483994,-0.6648523172059068
2019,4,San Luis,20.6903534221431,19.7438269823496,4.794037349697546
2020,1,San Luis,20.9893797442827,20.6903534221431,1.4452451151442285
2020,2,San Luis,21.0206269368907,20.9893797442827,0.14887144350471232
2020,3,San Luis,20.8499281337887,21.0206269368907,-0.8120538155901839
2020,4,San Luis,21.2529540821891,20.8499281337887,1.9329848324381862
2021,1,San Luis,21.5943798047108,21.2529540821891,1.6064859557939368
2021,2,San Luis,21.6618899896392,21.5943798047108,0.3126284965760907
2021,3,San Luis,21.6987070711638,21.6618899896392,0.1699624619191081
2021,4,San Luis,20.9097244480146,21.6987070711638,-3.6360812677069894
2022,1,San Luis,20.95,20.9097244480146,0.19261636893174464
2022,2,San Luis,19.32,20.95,-7.780429594272071
2022,3,San Luis,19.33,19.32,0.051759834368519726
2022,4,San Luis,30.67,19.33,58.665287118468726
2023,1,San Luis,55.85,30.67,82.0997717639387
2023,2,San Luis,103.84,55.85,85.9265890778872
2023,3,San Luis,104.97,103.84,1.0882126348227998
2023,4,San Luis,174.59,104.97,66.32371153662952
2024,1,San Luis,179.49,174.59,2.8065754052351255
2024,2,San Luis,181.61,179.49,1.1811242966181985
2014,2,Santa Cruz,3.31815166016344,3.31599147982063,0.06514432729867124
2014,3,Santa Cruz,3.30732226015574,3.31815166016344,-0.3263684459548372
2014,4,Santa Cruz,3.33302618371396,3.30732226015574,0.7771823105320654
2015,1,Santa Cruz,3.47421703066738,3.33302618371396,4.236115745004216
2015,2,Santa Cruz,3.47332349743749,3.47421703066738,-0.025718981341773285
2015,3,Santa Cruz,3.48068774435859,3.47332349743749,0.21202306455281372
2015,4,Santa Cruz,3.48096796191061,3.48068774435859,0.008050637477440536
2016,1,Santa Cruz,3.48315808971074,3.48096796191061,0.06291720648092572
2016,2,Santa Cruz,3.50211502760046,3.48315808971074,0.5442456931747862
2016,3,Santa Cruz,3.53583356483625,3.50211502760046,0.9628049612891465
2016,4,Santa Cruz,3.56391640895886,3.53583356483625,0.7942354640753723
2017,1,Santa Cruz,3.59193007563632,3.56391640895886,0.7860360194487196
2017,2,Santa Cruz,3.60311348968991,3.59193007563632,0.31134832299342163
2017,3,Santa Cruz,3.61047050575864,3.60311348968991,0.20418496641257167
2017,4,Santa Cruz,5.20658482887451,3.61047050575864,44.20793136434972
2018,1,Santa Cruz,5.18928995085579,5.20658482887451,-0.33217317276396374
2018,2,Santa Cruz,5.18928995085579,5.18928995085579,0.0
2018,3,Santa Cruz,5.36971571660038,5.18928995085579,3.476887347850647
2018,4,Santa Cruz,5.11950736477287,5.36971571660038,-4.659620081077949
2019,1,Santa Cruz,5.77999297039756,5.11950736477287,12.901350824680225
2019,2,Santa Cruz,6.00804731756081,5.77999297039756,3.9455817391342656
2019,3,Santa Cruz,5.01774694095645,6.00804731756081,-16.482899089523297
2019,4,Santa Cruz,5.20792506406971,5.01774694095645,3.790109890974475
2020,1,Santa Cruz,6.41717062736403,5.20792506406971,23.219334925479135
2020,2,Santa Cruz,6.59320241817803,6.41717062736403,2.7431371399627
2020,3,Santa Cruz,6.64936371202663,6.59320241817803,0.8518060008859802
2020,4,Santa Cruz,7.49210862811905,6.64936371202663,12.674068566412707
2021,1,Santa Cruz,7.50153184753176,7.49210862811905,0.12577526408711392
2021,2,Santa Cruz,7.6296670052024,7.50153184753176,1.7081198917098517
2021,3,Santa Cruz,7.69232694181298,7.6296670052024,0.8212669906544366
2021,4,Santa Cruz,8.99065098447755,7.69232694181298,16.878170318103674
2022,1,Santa Cruz,10.89,8.99065098447755,21.125823022178206
2022,2,Santa Cruz,11.81,10.89,8.448117539026628
2022,3,Santa Cruz,12.6,11.81,6.689246401354778
2022,4,Santa Cruz,14.33,12.6,13.730158730158735
2023,1,Santa Cruz,14.98,14.33,4.535938590369856
2023,2,Santa Cruz,15.48,14.98,3.337783711615487
2023,3,Santa Cruz,15.67,15.48,1.2273901808785497
2023,4,Santa Cruz,36.77,15.67,134.65220165922145
2024,1,Santa Cruz,31.6,36.77,-14.060375305955947
2024,2,Santa Cruz,29.89,31.6,-5.411392405063293
2014,2,Santa Fe,3.31169104109792,3.14740684527868,5.219668250568783
2014,3,Santa Fe,3.37559291224911,3.31169104109792,1.9295843228782898
2014,4,Santa Fe,3.78070786071651,3.37559291224911,12.001297520128915
2015,1,Santa Fe,4.06328306840814,3.78070786071651,7.474134953079309
2015,2,Santa Fe,4.30319618165638,4.06328306840814,5.904415449505728
2015,3,Santa Fe,4.55989545240263,4.30319618165638,5.965316474310528
2015,4,Santa Fe,4.80987377455356,4.55989545240263,5.482106437752093
2016,1,Santa Fe,4.89813602895205,4.80987377455356,1.8350222591170264
2016,2,Santa Fe,5.13859853091851,4.89813602895205,4.909265494978649
2016,3,Santa Fe,5.67726376156478,5.13859853091851,10.48272651395448
2016,4,Santa Fe,6.04023332894067,5.67726376156478,6.393389185706027
2017,1,Santa Fe,6.28403648689241,6.04023332894067,4.036320199479749
2017,2,Santa Fe,6.8387492504462,6.28403648689241,8.827331997687153
2017,3,Santa Fe,7.79221514839974,6.8387492504462,13.942109339530628
2017,4,Santa Fe,10.2974946018472,7.79221514839974,32.15105596721056
2018,1,Santa Fe,11.173305005746,10.2974946018472,8.505082427930521
2018,2,Santa Fe,11.7488846228176,11.173305005746,5.151381948095053
2018,3,Santa Fe,12.3573260434886,11.7488846228176,5.178716450150005
2018,4,Santa Fe,13.1792348999695,12.3573260434886,6.651186944395518
2019,1,Santa Fe,12.986963477266,13.1792348999695,-1.4588966974398905
2019,2,Santa Fe,15.0745490588903,12.986963477266,16.074470258414674
2019,3,Santa Fe,18.1655296866879,15.0745490588903,20.504630790097682
2019,4,Santa Fe,20.5471970198073,18.1655296866879,13.110915972159825
2020,1,Santa Fe,22.4240567700362,20.5471970198073,9.1343833828995
2020,2,Santa Fe,23.9257916089841,22.4240567700362,6.6969810786180775
2020,3,Santa Fe,25.6909413412681,23.9257916089841,7.377602217437983
2020,4,Santa Fe,27.2943524462156,25.6909413412681,6.241153578798202
2021,1,Santa Fe,28.1306300731529,27.2943524462156,3.0639218445838248
2021,2,Santa Fe,30.7018831645519,28.1306300731529,9.140403484431491
2021,3,Santa Fe,33.1322962473813,30.7018831645519,7.9161694082515695
2021,4,Santa Fe,36.0240238372751,33.1322962473813,8.727821242158427
2022,1,Santa Fe,38.89,36.0240238372751,7.955735804725372
2022,2,Santa Fe,42.01,38.89,8.022627924916424
2022,3,Santa Fe,45.15,42.01,7.47441085455844
2022,4,Santa Fe,90.3,45.15,100.0
2023,1,Santa Fe,92.22,90.3,2.1262458471760817
2023,2,Santa Fe,94.87,92.22,2.8735632183908106
2023,3,Santa Fe,97.39,94.87,2.6562664699061833
2023,4,Santa Fe,99.81,97.39,2.4848547078755536
2024,1,Santa Fe,100.2,99.81,0.39074241058010273
2024,2,Santa Fe,102.51,100.2,2.3053892215568883
2014,2,Santiago Del Estero,3.06975092114959,2.94947172149921,4.077991281409613
2014,3,Santiago Del Estero,3.09954651038892,3.06975092114959,0.9706191155135183
2014,4,Santiago Del Estero,3.45822447265973,3.09954651038892,11.571949672915352
2015,1,Santiago Del Estero,3.57110412512624,3.45822447265973,3.264092697247442
2015,2,Santiago Del Estero,3.72881129536047,3.57110412512624,4.4162019562690595
2015,3,Santiago Del Estero,3.91123732169146,3.72881129536047,4.892337312911792
2015,4,Santiago Del Estero,4.09410169145076,3.91123732169146,4.675358581417354
2016,1,Santiago Del Estero,4.17401156430692,4.09410169145076,1.9518292137937616
2016,2,Santiago Del Estero,4.30981517959065,4.17401156430692,3.253551486177532
2016,3,Santiago Del Estero,4.67012308701355,4.30981517959065,8.360170736071389
2016,4,Santiago Del Estero,4.86679443144862,4.67012308701355,4.211266828961387
2017,1,Santiago Del Estero,4.94896583328499,4.86679443144862,1.6884091365229812
2017,2,Santiago Del Estero,5.05794740805446,4.94896583328499,2.2021080452101485
2017,3,Santiago Del Estero,5.17855807833537,5.05794740805446,2.3845773898092566
2017,4,Santiago Del Estero,6.16560021498504,5.17855807833537,19.060173154743325
2018,1,Santiago Del Estero,6.24821072216304,6.16560021498504,1.339861559256163
2018,2,Santiago Del Estero,5.91100164699838,6.24821072216304,-5.396890248412157
2018,3,Santiago Del Estero,5.77984251236905,5.91100164699838,-2.2188986310963568
2018,4,Santiago Del Estero,6.30925524385175,5.77984251236905,9.159639390688234
2019,1,Santiago Del Estero,6.41507073796908,6.30925524385175,1.6771471438002945
2019,2,Santiago Del Estero,7.10311288296652,6.41507073796908,10.725402308116474
2019,3,Santiago Del Estero,9.38941313142636,7.10311288296652,32.187299936376604
2019,4,Santiago Del Estero,9.79220184435585,9.38941313142636,4.289817769135702
2020,1,Santiago Del Estero,10.0005390804948,9.79220184435585,2.127583146777498
2020,2,Santiago Del Estero,10.411619106122,10.0005390804948,4.110578662994044
2020,3,Santiago Del Estero,10.8790172706597,10.411619106122,4.489197691287721
2020,4,Santiago Del Estero,11.280765527512,10.8790172706597,3.6928726819452606
2021,1,Santiago Del Estero,11.5841745164981,11.280765527512,2.6896134685729858
2021,2,Santiago Del Estero,12.7187978386833,11.5841745164981,9.794597971303663
2021,3,Santiago Del Estero,13.3527235335196,12.7187978386833,4.984163620466245
2021,4,Santiago Del Estero,13.8408868495151,13.3527235335196,3.6559082105613463
2022,1,Santiago Del Estero,14.5,13.8408868495151,4.762073107389011
2022,2,Santiago Del Estero,16.34,14.5,12.689655172413792
2022,3,Santiago Del Estero,17.69,16.34,8.261933904528773
2022,4,Santiago Del Estero,34.4,17.69,94.46014697569247
2023,1,Santiago Del Estero,36.27,34.4,5.436046511627921
2023,2,Santiago Del Estero,37.62,36.27,3.722084367245641
2023,3,Santiago Del Estero,41.46,37.62,10.207336523126006
2023,4,Santiago Del Estero,44.22,41.46,6.657018813314032
2024,1,Santiago Del Estero,44.9,44.22,1.537765716870194
2024,2,Santiago Del Estero,48.95,44.9,9.020044543429854
2014,2,Tierra Del Fuego,3.47009598681291,3.44688793732356,0.6733044389998615
2014,3,Tierra Del Fuego,3.47098171141966,3.47009598681291,0.02552449874919595
2014,4,Tierra Del Fuego,3.47472446989241,3.47098171141966,0.10782996811639876
2015,1,Tierra Del Fuego,3.45387808575141,3.47472446989241,-0.5999435155687473
2015,2,Tierra Del Fuego,3.47751587628866,3.45387808575141,0.6843840445545926
2015,3,Tierra Del Fuego,3.47772105693272,3.47751587628866,0.005900207255959971
2015,4,Tierra Del Fuego,3.47482486424173,3.47772105693272,-0.08327846436149902
2016,1,Tierra Del Fuego,3.47508263271679,3.47482486424173,0.007418171710252012
2016,2,Tierra Del Fuego,3.47869246321177,3.47508263271679,0.1038775441192239
2016,3,Tierra Del Fuego,3.47654537746248,3.47869246321177,-0.061721056747495624
2016,4,Tierra Del Fuego,3.47676146737609,3.47654537746248,0.006215650599895468
2017,1,Tierra Del Fuego,3.47676146737609,3.47676146737609,0.0
2017,2,Tierra Del Fuego,3.47676146737609,3.47676146737609,0.0
2017,3,Tierra Del Fuego,3.47535827186512,3.47676146737609,-0.040359268938541595
2017,4,Tierra Del Fuego,5.20322570453684,3.47535827186512,49.71767793437957
2018,1,Tierra Del Fuego,5.76808203603288,5.20322570453684,10.855887550746184
2018,2,Tierra Del Fuego,5.94274505737592,5.76808203603288,3.02809530537066
2018,3,Tierra Del Fuego,5.98788374717833,5.94274505737592,0.759559586800464
2018,4,Tierra Del Fuego,7.43656200821403,5.98788374717833,24.19349343110344
2019,1,Tierra Del Fuego,6.3411014506123,7.43656200821403,-14.730739236649178
2019,2,Tierra Del Fuego,6.34,6.3411014506123,-0.01737002034864713
2019,3,Tierra Del Fuego,6.69070138014341,6.34,5.531567510148423
2019,4,Tierra Del Fuego,7.27,6.69070138014341,8.65826446201628
2020,1,Tierra Del Fuego,7.41086583769633,7.27,1.937631880279653
2020,2,Tierra Del Fuego,8.12832939545727,7.41086583769633,9.681237975075298
2020,3,Tierra Del Fuego,8.50667605547561,8.12832939545727,4.6546669261433955
2020,4,Tierra Del Fuego,8.48680694933787,8.50667605547561,-0.233570739124959
2021,1,Tierra Del Fuego,8.7347523962779,8.48680694933787,2.9215398490874582
2021,2,Tierra Del Fuego,8.59192142648348,8.7347523962779,-1.6352034186485116
2021,3,Tierra Del Fuego,9.52,8.59192142648348,10.801758156863928
2021,4,Tierra Del Fuego,10.6967049440505,9.52,12.360346050950639
2022,1,Tierra Del Fuego,10.73,10.6967049440505,0.31126460086214386
2022,2,Tierra Del Fuego,10.97,10.73,2.2367194780987902
2022,3,Tierra Del Fuego,11.01,10.97,0.36463081130354735
2022,4,Tierra Del Fuego,13.48,11.01,22.434150772025436
2023,1,Tierra Del Fuego,14.58,13.48,8.160237388724033
2023,2,Tierra Del Fuego,16.92,14.58,16.049382716049394
2023,3,Tierra Del Fuego,17.17,16.92,1.4775413711583922
2023,4,Tierra Del Fuego,17.92,17.17,4.36808386721025
2024,1,Tierra Del Fuego,21.54,17.92,20.20089285714284
2024,2,Tierra Del Fuego,22.09,21.54,2.5533890436397435
2014,2,Tucumán,3.34994476711167,3.20834182355113,4.413586561166602
2014,3,Tucumán,3.34989752676935,3.34994476711167,-0.0014101827225320757
2014,4,Tucumán,3.86061231024495,3.34989752676935,15.245683767769899
2015,1,Tucumán,4.07107804024244,3.86061231024495,5.451615264215328
2015,2,Tucumán,4.30681276746996,4.07107804024244,5.790474289544259
2015,3,Tucumán,4.5723186672303,4.30681276746996,6.164788536101392
2015,4,Tucumán,4.88229794633078,4.5723186672303,6.779476708876285
2016,1,Tucumán,5.00403664067989,4.88229794633078,2.493471223742098
2016,2,Tucumán,5.20097976176087,5.00403664067989,3.9356850323586294
2016,3,Tucumán,5.5446832601914,5.20097976176087,6.608437528589119
2016,4,Tucumán,5.72776693420211,5.5446832601914,3.3019681272901105
2017,1,Tucumán,5.87550732569558,5.72776693420211,2.5793715629605996
2017,2,Tucumán,6.09328044562472,5.87550732569558,3.7064564446502373
2017,3,Tucumán,6.3851768015554,6.09328044562472,4.790463175550637
2017,4,Tucumán,9.10602130718706,6.3851768015554,42.61188985352566
2018,1,Tucumán,9.35563168480611,9.10602130718706,2.741157407813672
2018,2,Tucumán,13.5065457296271,9.35563168480611,44.36807887127736
2018,3,Tucumán,15.2559503624883,13.5065457296271,12.952272682302606
2018,4,Tucumán,16.5832344455303,15.2559503624883,8.700107508907216
2019,1,Tucumán,16.5732999645796,16.5832344455303,-0.059906775022279105
2019,2,Tucumán,18.5293178859203,16.5732999645796,11.802223609788598
2019,3,Tucumán,19.3239947945805,18.5293178859203,4.288754251790586
2019,4,Tucumán,29.8703893243128,19.3239947945805,54.576678589719364
2020,1,Tucumán,32.2455309430329,29.8703893243128,7.951492004112803
2020,2,Tucumán,32.704534437188,32.2455309430329,1.423463905637068
2020,3,Tucumán,34.8358016986155,32.704534437188,6.516733224014505
2020,4,Tucumán,36.442246829153,34.8358016986155,4.61147742324342
2021,1,Tucumán,37.9796195819083,36.442246829153,4.218655232655519
2021,2,Tucumán,40.3099203285136,37.9796195819083,6.1356611052400885
2021,3,Tucumán,42.1011853057148,40.3099203285136,4.4437323681191545
2021,4,Tucumán,45.1481224333995,42.1011853057148,7.237176591489241
2022,1,Tucumán,47.24,45.1481224333995,4.633365583887451
2022,2,Tucumán,50.09,47.24,6.033022861981374
2022,3,Tucumán,53.36,50.09,6.528249151527242
2022,4,Tucumán,88.33,53.36,65.5359820089955
2023,1,Tucumán,95.79,88.33,8.445601720819662
2023,2,Tucumán,96.69,95.79,0.9395552771687978
2023,3,Tucumán,98.85,96.69,2.2339435308718554
2023,4,Tucumán,101.55,98.85,2.731411229135056
2024,1,Tucumán,103.36,101.55,1.7823732151649456
2024,2,Tucumán,108.93,103.36,5.388931888544899
