Año,Trimestre,Provincia,Accesos por cada 100 hogares,Acceso anterior,Variación (%)
2014,2,Buenos Aires,55.0614169514339,54.5700728794398,0.9003910863003842
2014,3,Buenos Aires,56.754739164071,55.0614169514339,3.0753335209856094
2014,4,Buenos Aires,56.0943365301975,56.754739164071,-1.1636079094018075
2015,1,Buenos Aires,56.3704843302674,56.0943365301975,0.49229176624852355
2015,2,Buenos Aires,56.8028056143921,56.3704843302674,0.7669284542452791
2015,3,Buenos Aires,57.6886810560801,56.8028056143921,1.5595628281141567
2015,4,Buenos Aires,58.2918218273372,57.6886810560801,1.0455097260254218
2016,1,Buenos Aires,57.3359078225411,58.2918218273372,-1.6398767011049278
2016,2,Buenos Aires,59.3385267910581,57.3359078225411,3.4927832218428505
2016,3,Buenos Aires,60.1432954546882,59.3385267910581,1.3562329689509118
2016,4,Buenos Aires,61.2365874303569,60.1432954546882,1.8178118897598183
2017,1,Buenos Aires,58.5740024492033,61.2365874303569,-4.348029654953752
2017,2,Buenos Aires,56.2721441616913,58.5740024492033,-3.9298292608708465
2017,3,Buenos Aires,55.6293833953396,56.2721441616913,-1.14223613819442
2017,4,Buenos Aires,57.6096152902582,55.6293833953396,3.559686938907346
2018,1,Buenos Aires,62.6262116616845,57.6096152902582,8.707915069647429
2018,2,Buenos Aires,62.7822665109499,62.6262116616845,0.2491845588687882
2018,3,Buenos Aires,64.4405675975205,62.7822665109499,2.6413526919761177
2018,4,Buenos Aires,64.6028466348432,64.4405675975205,0.2518274487218341
2019,1,Buenos Aires,66.2425552273681,64.6028466348432,2.5381367508355726
2019,2,Buenos Aires,67.847139823742,66.2425552273681,2.4222866869588433
2019,3,Buenos Aires,69.3563010607913,67.847139823742,2.22435498529474
2019,4,Buenos Aires,64.2520528824542,69.3563010607913,-7.3594584778435514
2020,1,Buenos Aires,64.3256310174343,64.2520528824542,0.11451483910516838
2020,2,Buenos Aires,65.2205801358229,64.3256310174343,1.3912791903215618
2020,3,Buenos Aires,67.6561898309092,65.2205801358229,3.734418936498423
2020,4,Buenos Aires,68.9770222017074,67.6561898309092,1.9522712912141689
2021,1,Buenos Aires,69.1052407618594,68.9770222017074,0.18588590237639038
2021,2,Buenos Aires,70.0033033602797,69.1052407618594,1.2995578750894896
2021,3,Buenos Aires,71.6821894010193,70.0033033602797,2.398295452000353
2021,4,Buenos Aires,75.6641060233847,71.6821894010193,5.554959545235071
2022,1,Buenos Aires,76.0781466115726,75.6641060233847,0.5472087227990756
2022,2,Buenos Aires,77.58,76.0781466115726,1.9740930284425962
2022,3,Buenos Aires,78.11,77.58,0.6831657643722624
2022,4,Buenos Aires,78.94,78.11,1.0626040199718325
2023,1,Buenos Aires,79.0,78.94,0.07600709399544246
2023,2,Buenos Aires,79.67,79.0,0.8481012658227869
2023,3,Buenos Aires,80.64,79.67,1.217522279402534
2023,4,Buenos Aires,80.96,80.64,0.39682539682538837
2024,1,Buenos Aires,81.1,80.96,0.17292490118577147
2024,2,Buenos Aires,79.84,81.1,-1.5536374845869185
2014,2,Capital Federal,113.14335247541,112.254122789269,0.792157707926964
2014,3,Capital Federal,113.800512332415,113.14335247541,0.5808205631416324
2014,4,Capital Federal,114.896765508016,113.800512332415,0.9633112831678784
2015,1,Capital Federal,114.896997148903,114.896765508016,0.00020160783984671384
2015,2,Capital Federal,116.066270918604,114.896997148903,1.017671304486456
2015,3,Capital Federal,118.28921116432,116.066270918604,1.9152336231039186
2015,4,Capital Federal,118.130363211538,118.28921116432,-0.13428777757367524
2016,1,Capital Federal,115.160058888848,118.130363211538,-2.5144291797114215
2016,2,Capital Federal,120.039535048253,115.160058888848,4.2371254465184425
2016,3,Capital Federal,120.772877751015,120.039535048253,0.6109176468129569
2016,4,Capital Federal,120.631331736324,120.772877751015,-0.11720016722861648
2017,1,Capital Federal,108.369208365608,120.631331736324,-10.164957307707214
2017,2,Capital Federal,124.061393756425,108.369208365608,14.480298995888086
2017,3,Capital Federal,121.858325909693,124.061393756425,-1.7757884060672315
2017,4,Capital Federal,122.89742418735,121.858325909693,0.8527101204615769
2018,1,Capital Federal,106.235671745868,122.89742418735,-13.557446424655831
2018,2,Capital Federal,106.534941281467,106.235671745868,0.28170343414864807
2018,3,Capital Federal,108.445914110219,106.534941281467,1.7937521772346727
2018,4,Capital Federal,108.273149970574,108.445914110219,-0.15930903534955498
2019,1,Capital Federal,109.196164558838,108.273149970574,0.8524870556687998
2019,2,Capital Federal,110.545566994852,109.196164558838,1.2357599202002123
2019,3,Capital Federal,112.645387803721,110.545566994852,1.899507023168812
2019,4,Capital Federal,106.245467510411,112.645387803721,-5.68147566277772
2020,1,Capital Federal,105.980174141819,106.245467510411,-0.24969852814286075
2020,2,Capital Federal,106.414805990736,105.980174141819,0.41010675103758915
2020,3,Capital Federal,107.675901165732,106.414805990736,1.1850749181516962
2020,4,Capital Federal,108.311074890435,107.675901165732,0.5898940411237898
2021,1,Capital Federal,108.419939223293,108.311074890435,0.1005108046135905
2021,2,Capital Federal,110.144402032121,108.419939223293,1.5905402836247942
2021,3,Capital Federal,111.271055142509,110.144402032121,1.0228873093881283
2021,4,Capital Federal,111.270026128917,111.271055142509,-0.0009247810139709101
2022,1,Capital Federal,111.797862691747,111.270026128917,0.47437443954444153
2022,2,Capital Federal,121.31,111.797862691747,8.508335561369543
2022,3,Capital Federal,122.28,121.31,0.7996043195119932
2022,4,Capital Federal,122.73,122.28,0.36800785083415344
2023,1,Capital Federal,122.59,122.73,-0.11407153915098228
2023,2,Capital Federal,115.48,122.59,-5.79982054001142
2023,3,Capital Federal,116.4,115.48,0.7966747488742654
2023,4,Capital Federal,117.02,116.4,0.5326460481099573
2024,1,Capital Federal,119.53,117.02,2.1449324901726246
2024,2,Capital Federal,116.37,119.53,-2.643687777127078
2014,2,Catamarca,24.7031188600584,24.2517512545856,1.861175305381108
2014,3,Catamarca,24.7061213053276,24.7031188600584,0.012154114167560561
2014,4,Catamarca,25.513779082748,24.7061213053276,3.26905938588685
2015,1,Catamarca,25.1094663307876,25.513779082748,-1.5846839100123362
2015,2,Catamarca,25.4534180446982,25.1094663307876,1.3698089373124884
2015,3,Catamarca,25.8637811846376,25.4534180446982,1.6122123135634245
2015,4,Catamarca,26.2394517885919,25.8637811846376,1.452496838232762
2016,1,Catamarca,25.9102179811905,26.2394517885919,-1.254728223950707
2016,2,Catamarca,26.0741880597406,25.9102179811905,0.6328394406760087
2016,3,Catamarca,26.4806767574637,26.0741880597406,1.558969724356379
2016,4,Catamarca,26.5435155899619,26.4806767574637,0.23730070448628637
2017,1,Catamarca,25.6593508380215,26.5435155899619,-3.3310009329539194
2017,2,Catamarca,25.9771210676835,25.6593508380215,1.2384188191976147
2017,3,Catamarca,32.4909256779052,25.9771210676835,25.07515976558742
2017,4,Catamarca,28.6209500939249,32.4909256779052,-11.910942834762018
2018,1,Catamarca,32.7936161374153,28.6209500939249,14.57906194517313
2018,2,Catamarca,32.8575008674866,32.7936161374153,0.19480843406718074
2018,3,Catamarca,32.9159453741104,32.8575008674866,0.1778726472822918
2018,4,Catamarca,32.2253461660253,32.9159453741104,-2.098068884961406
2019,1,Catamarca,32.1904889561213,32.2253461660253,-0.10816706118349298
2019,2,Catamarca,32.1309502201928,32.1904889561213,-0.18495753826434702
2019,3,Catamarca,30.8836145267372,32.1309502201928,-3.882037988007301
2019,4,Catamarca,36.4384291271555,30.8836145267372,17.986283942280366
2020,1,Catamarca,37.6154276874603,36.4384291271555,3.2301023630781196
2020,2,Catamarca,45.4318181818182,37.6154276874603,20.779746436230536
2020,3,Catamarca,47.157098984172,45.4318181818182,3.79751652344008
2020,4,Catamarca,49.4068835454974,47.157098984172,4.770829015755455
2021,1,Catamarca,48.8990929278482,49.4068835454974,-1.0277730170565995
2021,2,Catamarca,52.3403096626386,48.8990929278482,7.037383576558363
2021,3,Catamarca,52.7097934860013,52.3403096626386,0.7059259407218283
2021,4,Catamarca,55.2526999859741,52.7097934860013,4.824352993619945
2022,1,Catamarca,58.2063508356117,55.2526999859741,5.345713151370682
2022,2,Catamarca,62.4,58.2063508356117,7.204796562890774
2022,3,Catamarca,65.33,62.4,4.69551282051282
2022,4,Catamarca,65.77,65.33,0.6735037501913328
2023,1,Catamarca,66.17,65.77,0.6081800212863094
2023,2,Catamarca,67.42,66.17,1.8890735983073899
2023,3,Catamarca,68.55,67.42,1.6760605161673028
2023,4,Catamarca,68.63,68.55,0.11670313639678818
2024,1,Catamarca,68.82,68.63,0.2768468599737691
2024,2,Catamarca,68.81,68.82,-0.0145306596919368
2014,2,Chaco,20.9579963674944,20.7185388638408,1.1557644350660055
2014,3,Chaco,21.1126667052624,20.9579963674944,0.7380015486971431
2014,4,Chaco,21.8707832002322,21.1126667052624,3.590813541241754
2015,1,Chaco,26.6495912203056,21.8707832002322,21.850191537825964
2015,2,Chaco,27.4645393883995,26.6495912203056,3.0580137659783486
2015,3,Chaco,27.9630727934794,27.4645393883995,1.8151893903251533
2015,4,Chaco,28.3505662351414,27.9630727934794,1.3857326929834288
2016,1,Chaco,28.0751464477524,28.3505662351414,-0.971478964845542
2016,2,Chaco,28.5935505552226,28.0751464477524,1.846487634302979
2016,3,Chaco,28.910749068481,28.5935505552226,1.1093358715483634
2016,4,Chaco,28.7866560852553,28.910749068481,-0.4292278381710603
2017,1,Chaco,28.6216605384279,28.7866560852553,-0.5731667698351057
2017,2,Chaco,29.0455247754534,28.6216605384279,1.48092119412993
2017,3,Chaco,29.9759256476576,29.0455247754534,3.2032503437172815
2017,4,Chaco,30.8081581112365,29.9759256476576,2.77633616176231
2018,1,Chaco,30.8299276457025,30.8081581112365,0.0706615903079889
2018,2,Chaco,31.2517049960349,30.8299276457025,1.368077652271725
2018,3,Chaco,32.2831008330776,31.2517049960349,3.300286615317653
2018,4,Chaco,32.5909608763298,32.2831008330776,0.9536260003152133
2019,1,Chaco,32.6358765794295,32.5909608763298,0.1378164432467488
2019,2,Chaco,34.1402609798676,32.6358765794295,4.60960316716701
2019,3,Chaco,35.8460309754608,34.1402609798676,4.99635898096704
2019,4,Chaco,36.8354786303424,35.8460309754608,2.760271159613041
2020,1,Chaco,37.4838333691726,36.8354786303424,1.7601365936809963
2020,2,Chaco,39.8325027900658,37.4838333691726,6.265819714225897
2020,3,Chaco,41.5419205780652,39.8325027900658,4.291514889257039
2020,4,Chaco,43.0307886497791,41.5419205780652,3.5840135723046984
2021,1,Chaco,43.1364924170879,43.0307886497791,0.24564682783090452
2021,2,Chaco,43.3276272929354,43.1364924170879,0.44309322603100765
2021,3,Chaco,42.9624100796766,43.3276272929354,-0.8429199475650583
2021,4,Chaco,44.0485638902593,42.9624100796766,2.528149162415138
2022,1,Chaco,44.0594800994188,44.0485638902593,0.024782213528443137
2022,2,Chaco,43.79,44.0594800994188,-0.6116279602272356
2022,3,Chaco,43.86,43.79,0.1598538479104825
2022,4,Chaco,43.62,43.86,-0.5471956224350251
2023,1,Chaco,43.15,43.62,-1.0774873911049951
2023,2,Chaco,42.87,43.15,-0.6488991888760166
2023,3,Chaco,42.87,42.87,0.0
2023,4,Chaco,44.35,42.87,3.452297644040131
2024,1,Chaco,46.7,44.35,5.298759864712517
2024,2,Chaco,44.06,46.7,-5.653104925053534
2014,2,Chubut,41.4102098199126,41.2352180797243,0.4243744748723635
2014,3,Chubut,40.5986709442745,41.4102098199126,-1.959755526879415
2014,4,Chubut,40.2492746845027,40.5986709442745,-0.8606100930037346
2015,1,Chubut,37.6127806859079,40.2492746845027,-6.550413688845773
2015,2,Chubut,36.5824672045848,37.6127806859079,-2.739264320622586
2015,3,Chubut,36.8118099146332,36.5824672045848,0.6269197448215208
2015,4,Chubut,36.8901782778659,36.8118099146332,0.21288918804708337
2016,1,Chubut,36.0927055378499,36.8901782778659,-2.161748132549637
2016,2,Chubut,36.1243856555634,36.0927055378499,0.08777429467091798
2016,3,Chubut,36.1786944287865,36.1243856555634,0.1503382610874512
2016,4,Chubut,36.072905464279,36.1786944287865,-0.29240680510384265
2017,1,Chubut,35.662220237763,36.072905464279,-1.1384866875297315
2017,2,Chubut,35.5460111791441,35.662220237763,-0.32586041430994483
2017,3,Chubut,46.2153774665184,35.5460111791441,30.01564995184137
2017,4,Chubut,51.4630962674935,46.2153774665184,11.354919268541968
2018,1,Chubut,53.7156048824891,51.4630962674935,4.376939551572211
2018,2,Chubut,54.9023033373551,53.7156048824891,2.209224782001575
2018,3,Chubut,56.391745852269,54.9023033373551,2.7128962254312046
2018,4,Chubut,42.6109360960454,56.391745852269,-24.437636302882986
2019,1,Chubut,42.997736337178,42.6109360960454,0.9077487531856764
2019,2,Chubut,46.9879841362692,42.997736337178,9.280134581505939
2019,3,Chubut,47.5662416229331,46.9879841362692,1.2306497018193088
2019,4,Chubut,51.1450178551471,47.5662416229331,7.523773394971298
2020,1,Chubut,51.268489419097,51.1450178551471,0.2414146462898787
2020,2,Chubut,57.3446133872355,51.268489419097,11.851575962125386
2020,3,Chubut,68.3438981572004,57.3446133872355,19.181025244148326
2020,4,Chubut,68.3518991582562,68.3438981572004,0.01170697205096393
2021,1,Chubut,68.9942808881567,68.3518991582562,0.9398154810785521
2021,2,Chubut,72.2941048193647,68.9942808881567,4.782749944966012
2021,3,Chubut,80.7097384765756,72.2941048193647,11.640829744331626
2021,4,Chubut,82.5734006387143,80.7097384765756,2.3090920591690436
2022,1,Chubut,88.0527409383577,82.5734006387143,6.635720773590646
2022,2,Chubut,83.19,88.0527409383577,-5.522532162584149
2022,3,Chubut,84.38,83.19,1.4304603918740206
2022,4,Chubut,85.57,84.38,1.4102867978193858
2023,1,Chubut,85.89,85.57,0.37396283744303777
2023,2,Chubut,82.49,85.89,-3.9585516358132558
2023,3,Chubut,84.23,82.49,2.1093465874651587
2023,4,Chubut,84.96,84.23,0.8666745815030152
2024,1,Chubut,84.89,84.96,-0.08239171374763793
2024,2,Chubut,86.33,84.89,1.6963128754859205
2014,2,Corrientes,22.5756130032436,22.3167167138389,1.1601002635130202
2014,3,Corrientes,22.7875350351524,22.5756130032436,0.9387210521297928
2014,4,Corrientes,23.5624309927751,22.7875350351524,3.4005255786873563
2015,1,Corrientes,28.9501912819093,23.5624309927751,22.865893127862066
2015,2,Corrientes,29.5840126681085,28.9501912819093,2.1893512896934366
2015,3,Corrientes,30.167412409019,29.5840126681085,1.972010178116928
2015,4,Corrientes,30.3364314453388,30.167412409019,0.5602702480020076
2016,1,Corrientes,30.0807850041331,30.3364314453388,-0.8427043954274271
2016,2,Corrientes,30.5801620466166,30.0807850041331,1.6601197156752525
2016,3,Corrientes,31.0668788260512,30.5801620466166,1.5916095496572171
2016,4,Corrientes,30.9810703764977,31.0668788260512,-0.2762055693909793
2017,1,Corrientes,30.9406001096441,30.9810703764977,-0.13062901430384563
2017,2,Corrientes,31.386121368355,30.9406001096441,1.439924426585474
2017,3,Corrientes,32.165435745938,31.386121368355,2.482990390678669
2017,4,Corrientes,32.5151183111876,32.165435745938,1.0871376592302529
2018,1,Corrientes,32.6634608731751,32.5151183111876,0.4562264254054923
2018,2,Corrientes,33.8097539088117,32.6634608731751,3.509404713993419
2018,3,Corrientes,34.2499388738322,33.8097539088117,1.3019466696141073
2018,4,Corrientes,34.5662765686955,34.2499388738322,0.9236153560115984
2019,1,Corrientes,35.1349868869881,34.5662765686955,1.6452750332028747
2019,2,Corrientes,38.155585884188,35.1349868869881,8.597125728026233
2019,3,Corrientes,38.4853511358672,38.155585884188,0.8642646785194721
2019,4,Corrientes,38.7674409892621,38.4853511358672,0.7329798093799935
2020,1,Corrientes,38.7290799422309,38.7674409892621,-0.0989517132219985
2020,2,Corrientes,40.3047626797957,38.7290799422309,4.0684744897506615
2020,3,Corrientes,41.7507494704644,40.3047626797957,3.587632563814981
2020,4,Corrientes,42.428283946949,41.7507494704644,1.6228079377686586
2021,1,Corrientes,42.6641284388214,42.428283946949,0.5558662051175379
2021,2,Corrientes,43.5411637336848,42.6641284388214,2.055673763782681
2021,3,Corrientes,44.9008831266441,43.5411637336848,3.122836590394999
2021,4,Corrientes,45.5101610294635,44.9008831266441,1.356939686689255
2022,1,Corrientes,47.6446351415023,45.5101610294635,4.6901045036007085
2022,2,Corrientes,48.35,47.6446351415023,1.4804706897278204
2022,3,Corrientes,48.21,48.35,-0.28955532574974263
2022,4,Corrientes,51.64,48.21,7.114706492428955
2023,1,Corrientes,52.05,51.64,0.7939581719597145
2023,2,Corrientes,52.37,52.05,0.614793467819405
2023,3,Corrientes,52.78,52.37,0.7828909681115213
2023,4,Corrientes,52.56,52.78,-0.41682455475558705
2024,1,Corrientes,51.94,52.56,-1.1796042617960512
2024,2,Corrientes,51.38,51.94,-1.0781671159029556
2014,2,Córdoba,53.448126115626,52.5178475440063,1.7713570055212058
2014,3,Córdoba,54.2336102829994,53.448126115626,1.4696196564013018
2014,4,Córdoba,54.696896793323,54.2336102829994,0.8542424299361551
2015,1,Córdoba,54.6973465018821,54.696896793323,0.0008221829490654821
2015,2,Córdoba,55.8691635078182,54.6973465018821,2.142365362999423
2015,3,Córdoba,57.0834037895185,55.8691635078182,2.1733639909077587
2015,4,Córdoba,57.3648817660792,57.0834037895185,0.49309949630646527
2016,1,Córdoba,55.2830927837402,57.3648817660792,-3.6290303723244057
2016,2,Córdoba,57.5479805282864,55.2830927837402,4.096890442447075
2016,3,Córdoba,58.243816258032,57.5479805282864,1.2091401355145277
2016,4,Córdoba,57.696719154379,58.243816258032,-0.9393222127294163
2017,1,Córdoba,57.6533295928744,57.696719154379,-0.07520282286502214
2017,2,Córdoba,58.9735289080036,57.6533295928744,2.2898925776740744
2017,3,Córdoba,62.3070022529633,58.9735289080036,5.652490883087203
2017,4,Córdoba,63.3326256520777,62.3070022529633,1.646080475755232
2018,1,Córdoba,63.5171696520162,63.3326256520777,0.2913885190112021
2018,2,Córdoba,63.2743661231958,63.5171696520162,-0.38226440213035484
2018,3,Córdoba,64.2421002602934,63.2743661231958,1.529425257636581
2018,4,Córdoba,65.0892645911237,64.2421002602934,1.3187058446062498
2019,1,Córdoba,65.5173840768055,65.0892645911237,0.6577420844607113
2019,2,Córdoba,68.0713093878985,65.5173840768055,3.8980880373658544
2019,3,Córdoba,68.5923490106902,68.0713093878985,0.7654320557029468
2019,4,Córdoba,70.4829556624422,68.5923490106902,2.7562937835199977
2020,1,Córdoba,70.6880744339108,70.4829556624422,0.29101896982153014
2020,2,Córdoba,72.7135853124239,70.6880744339108,2.8654209281182736
2020,3,Córdoba,75.2203572366921,72.7135853124239,3.4474602146180846
2020,4,Córdoba,78.0796087633819,75.2203572366921,3.801167172993796
2021,1,Córdoba,78.5902806238002,78.0796087633819,0.6540399836862345
2021,2,Córdoba,80.1151879593124,78.5902806238002,1.9403256018536157
2021,3,Córdoba,81.2845665540848,80.1151879593124,1.45962160803554
2021,4,Córdoba,84.5094185304609,81.2845665540848,3.967360734131936
2022,1,Córdoba,85.7574535631355,84.5094185304609,1.476799928785153
2022,2,Córdoba,87.48,85.7574535631355,2.0086259156428294
2022,3,Córdoba,88.31,87.48,0.9487882944673047
2022,4,Córdoba,89.03,88.31,0.8153097044502308
2023,1,Córdoba,88.84,89.03,-0.2134112097045914
2023,2,Córdoba,90.13,88.84,1.4520486267447006
2023,3,Córdoba,90.05,90.13,-0.08876067901919261
2023,4,Córdoba,90.67,90.05,0.688506385341482
2024,1,Córdoba,90.7,90.67,0.033087018859602
2024,2,Córdoba,90.79,90.7,0.09922822491731356
2014,2,Entre Ríos,34.6874323714598,34.3671218212502,0.9320261145975296
2014,3,Entre Ríos,34.981647333713,34.6874323714598,0.8481889322407005
2014,4,Entre Ríos,36.0254708519679,34.981647333713,2.9839175619638
2015,1,Entre Ríos,42.0651933735121,36.0254708519679,16.765145267252706
2015,2,Entre Ríos,42.9319790164588,42.0651933735121,2.0605768651773237
2015,3,Entre Ríos,43.6771816352633,42.9319790164588,1.735775139829491
2015,4,Entre Ríos,44.108548073001,43.6771816352633,0.9876242504379722
2016,1,Entre Ríos,43.8459681446623,44.108548073001,-0.5953039485773247
2016,2,Entre Ríos,44.7388745451874,43.8459681446623,2.036461819201042
2016,3,Entre Ríos,45.4351408844733,44.7388745451874,1.5562893487243445
2016,4,Entre Ríos,45.208402854677,45.4351408844733,-0.4990367045913254
2017,1,Entre Ríos,44.9072736870412,45.208402854677,-0.6660911437278232
2017,2,Entre Ríos,45.3893310282472,44.9072736870412,1.0734504716662587
2017,3,Entre Ríos,45.9581216701772,45.3893310282472,1.2531373101225582
2017,4,Entre Ríos,47.8852452937468,45.9581216701772,4.193216679741144
2018,1,Entre Ríos,48.6812024178572,47.8852452937468,1.66221791123276
2018,2,Entre Ríos,49.2026118705284,48.6812024178572,1.071069379502297
2018,3,Entre Ríos,50.2220138583775,49.2026118705284,2.0718452722216285
2018,4,Entre Ríos,54.3747734863994,50.2220138583775,8.268803476762967
2019,1,Entre Ríos,56.7881599616928,54.3747734863994,4.438430398054078
2019,2,Entre Ríos,57.4782345887239,56.7881599616928,1.2151734225877378
2019,3,Entre Ríos,57.9000994579662,57.4782345887239,0.7339558569620028
2019,4,Entre Ríos,57.9922169170451,57.9000994579662,0.15909723807257697
2020,1,Entre Ríos,56.1200605143722,57.9922169170451,-3.2282890742923724
2020,2,Entre Ríos,56.5386547397096,56.1200605143722,0.745890545200321
2020,3,Entre Ríos,58.1901640924315,56.5386547397096,2.921026968761558
2020,4,Entre Ríos,59.4743067609738,58.1901640924315,2.206803655859296
2021,1,Entre Ríos,60.4394497283423,59.4743067609738,1.622789772476686
2021,2,Entre Ríos,61.6602644647879,60.4394497283423,2.0198971730100292
2021,3,Entre Ríos,62.1794014538577,61.6602644647879,0.8419311749242684
2021,4,Entre Ríos,63.1553614361658,62.1794014538577,1.5695872901451797
2022,1,Entre Ríos,63.7009034712316,63.1553614361658,0.8638095367678422
2022,2,Entre Ríos,63.9,63.7009034712316,0.31254898740693043
2022,3,Entre Ríos,63.67,63.9,-0.3599374021909184
2022,4,Entre Ríos,64.01,63.67,0.534003455316481
2023,1,Entre Ríos,64.79,64.01,1.2185596000624919
2023,2,Entre Ríos,64.43,64.79,-0.5556413026701642
2023,3,Entre Ríos,68.84,64.43,6.844637591184225
2023,4,Entre Ríos,69.94,68.84,1.5979081929110899
2024,1,Entre Ríos,69.31,69.94,-0.900772090363162
2024,2,Entre Ríos,68.64,69.31,-0.9666714759774948
2014,2,Formosa,17.5404117548517,17.4184510793687,0.700180945637901
2014,3,Formosa,17.7713148314683,17.5404117548517,1.31640624999998
2014,4,Formosa,17.9563113616952,17.7713148314683,1.0409839225813535
2015,1,Formosa,18.1227036739718,17.9563113616952,0.9266508523100746
2015,2,Formosa,18.3602672052786,18.1227036739718,1.3108614232212747
2015,3,Formosa,18.8367517737853,18.3602672052786,2.595194085027852
2015,4,Formosa,19.0654915167863,18.8367517737853,1.2143268953585324
2016,1,Formosa,19.0418783694349,19.0654915167863,-0.12385281192780974
2016,2,Formosa,19.370070664564,19.0418783694349,1.723528996256471
2016,3,Formosa,18.6397083028628,19.370070664564,-3.7705714880913663
2016,4,Formosa,19.8482360781639,18.6397083028628,6.483619569923671
2017,1,Formosa,19.8424891786459,19.8482360781639,-0.028954207796450682
2017,2,Formosa,19.965076445262,19.8424891786459,0.6178018569768303
2017,3,Formosa,21.3503843800708,19.965076445262,6.9386558003265435
2017,4,Formosa,21.2709766892497,21.3503843800708,-0.3719262820168315
2018,1,Formosa,21.4043102592114,21.2709766892497,0.6268333227457581
2018,2,Formosa,29.434226520797,21.4043102592114,37.51541705544988
2018,3,Formosa,29.5765734288784,29.434226520797,0.4836101535769039
2018,4,Formosa,29.73653915732,29.5765734288784,0.5408528098302579
2019,1,Formosa,29.6776946304319,29.73653915732,-0.19788626570423506
2019,2,Formosa,30.4182360069433,29.6776946304319,2.495279319142389
2019,3,Formosa,30.1124329977775,30.4182360069433,-1.0053278865217457
2019,4,Formosa,30.471313480544,30.1124329977775,1.1918016813619454
2020,1,Formosa,30.2283039626068,30.471313480544,-0.7975026022175307
2020,2,Formosa,31.1394362262631,30.2283039626068,3.014169318872118
2020,3,Formosa,31.9056233101865,31.1394362262631,2.4605040321095917
2020,4,Formosa,32.4873819075967,31.9056233101865,1.8233732397400375
2021,1,Formosa,32.7329557563272,32.4873819075967,0.7559053217307038
2021,2,Formosa,33.2254841932261,32.7329557563272,1.5046867156312231
2021,3,Formosa,33.9620335406843,33.2254841932261,2.2168205079412093
2021,4,Formosa,34.4545746388443,33.9620335406843,1.4502697477463018
2022,1,Formosa,34.9556869957513,34.4545746388443,1.454414579659456
2022,2,Formosa,43.42,34.9556869957513,24.214408960915286
2022,3,Formosa,43.76,43.42,0.7830492860432895
2022,4,Formosa,39.41,43.76,-9.940585009140772
2023,1,Formosa,38.79,39.41,-1.5732047703628456
2023,2,Formosa,38.32,38.79,-1.2116524877545731
2023,3,Formosa,38.86,38.32,1.4091858037578266
2023,4,Formosa,39.23,38.86,0.9521358723623197
2024,1,Formosa,39.61,39.23,0.9686464440479291
2024,2,Formosa,39.69,39.61,0.2019691996970419
2014,2,Jujuy,18.7060609994136,18.4153524468777,1.5786206284919047
2014,3,Jujuy,18.3685342155704,18.7060609994136,-1.804371234830161
2014,4,Jujuy,19.5994181805212,18.3685342155704,6.7010462049139585
2015,1,Jujuy,19.6897136326236,19.5994181805212,0.4607047580225573
2015,2,Jujuy,20.2872190775949,19.6897136326236,3.0346070853021576
2015,3,Jujuy,21.2703333470887,20.2872190775949,4.84597847410021
2015,4,Jujuy,21.4714737939107,21.2703333470887,0.9456384323639618
2016,1,Jujuy,21.410011288564,21.4714737939107,-0.286251917016199
2016,2,Jujuy,21.8882810435767,21.410011288564,2.233860358906792
2016,3,Jujuy,22.6051542652569,21.8882810435767,3.2751462769186785
2016,4,Jujuy,22.6513870082414,22.6051542652569,0.20452301471597586
2017,1,Jujuy,22.7569859622323,22.6513870082414,0.4661919994236048
2017,2,Jujuy,22.4034158946241,22.7569859622323,-1.5536770475448178
2017,3,Jujuy,22.6453629950826,22.4034158946241,1.0799562959350197
2017,4,Jujuy,22.742083716267,22.6453629950826,0.42711049147414104
2018,1,Jujuy,23.1212608756775,22.742083716267,1.6672929540721055
2018,2,Jujuy,23.4322027298545,23.1212608756775,1.3448308716766202
2018,3,Jujuy,23.2637001371955,23.4322027298545,-0.7191069256340702
2018,4,Jujuy,46.5322663913268,23.2637001371955,100.02091720967474
2019,1,Jujuy,46.4084387403666,46.5322663913268,-0.2661113686551103
2019,2,Jujuy,44.511922790626,46.4084387403666,-4.086575634122733
2019,3,Jujuy,44.3224868429136,44.511922790626,-0.4255847328893607
2019,4,Jujuy,45.3775463317507,44.3224868429136,2.3804158204759855
2020,1,Jujuy,46.6702306399878,45.3775463317507,2.848731173753675
2020,2,Jujuy,47.8878102278728,46.6702306399878,2.6088998729776076
2020,3,Jujuy,54.0444192382091,47.8878102278728,12.856317674665544
2020,4,Jujuy,53.4565912339089,54.0444192382091,-1.0876756797205218
2021,1,Jujuy,55.6324478962054,53.4565912339089,4.070324373613059
2021,2,Jujuy,56.1821570114677,55.6324478962054,0.9881088034952307
2021,3,Jujuy,55.6892647441935,56.1821570114677,-0.8773110423182808
2021,4,Jujuy,56.9210705148705,55.6892647441935,2.211926798343005
2022,1,Jujuy,58.0646286642678,56.9210705148705,2.0090243192080313
2022,2,Jujuy,57.32,58.0646286642678,-1.2824135474511955
2022,3,Jujuy,58.91,57.32,2.773900907187712
2022,4,Jujuy,58.46,58.91,-0.7638771006620196
2023,1,Jujuy,58.2,58.46,-0.4447485460143654
2023,2,Jujuy,57.78,58.2,-0.7216494845360854
2023,3,Jujuy,57.61,57.78,-0.2942194530979607
2023,4,Jujuy,57.78,57.61,0.2950876583926431
2024,1,Jujuy,57.65,57.78,-0.224991346486678
2024,2,Jujuy,58.3,57.65,1.1274934952298328
2014,2,La Pampa,49.7075961603446,48.425321038282,2.6479434613327903
2014,3,La Pampa,55.7812017385042,49.7075961603446,12.218666858416626
2014,4,La Pampa,51.2731334522286,55.7812017385042,-8.081698037645197
2015,1,La Pampa,55.5080323273377,51.2731334522286,8.259489112470133
2015,2,La Pampa,56.7076652253,55.5080323273377,2.161187935626889
2015,3,La Pampa,57.9639597509152,56.7076652253,2.2153874976582713
2015,4,La Pampa,58.7563372001228,57.9639597509152,1.3670174581112675
2016,1,La Pampa,57.8408686550453,58.7563372001228,-1.5580762666662424
2016,2,La Pampa,60.4368602573793,57.8408686550453,4.4881615070757785
2016,3,La Pampa,61.7317854365091,60.4368602573793,2.1426082917199336
2016,4,La Pampa,63.016182768654,61.7317854365091,2.0806094025352566
2017,1,La Pampa,62.6692810457516,63.016182768654,-0.5504962497902258
2017,2,La Pampa,63.4935264809968,62.6692810457516,1.315230399154343
2017,3,La Pampa,69.1399370114264,63.4935264809968,8.89289167474346
2017,4,La Pampa,71.0497610637856,69.1399370114264,2.7622588838106283
2018,1,La Pampa,71.751636922758,71.0497610637856,0.9878651925968962
2018,2,La Pampa,71.0403378727806,71.751636922758,-0.9913349443764267
2018,3,La Pampa,71.7502365184484,71.0403378727806,0.9992895120221646
2018,4,La Pampa,73.4940482831421,71.7502365184484,2.4303916604446796
2019,1,La Pampa,76.3545743378065,73.4940482831421,3.8921873559665254
2019,2,La Pampa,77.083137502884,76.3545743378065,0.9541840438455034
2019,3,La Pampa,77.4526942329175,77.083137502884,0.47942616505415037
2019,4,La Pampa,76.9241896917042,77.4526942329175,-0.6823578526835538
2020,1,La Pampa,75.766787812914,76.9241896917042,-1.5046006768856675
2020,2,La Pampa,76.1015828898756,75.766787812914,0.44187576987991817
2020,3,La Pampa,79.2644770667028,76.1015828898756,4.156147686709916
2020,4,La Pampa,81.7679324894515,79.2644770667028,3.158357331547129
2021,1,La Pampa,81.7767634575221,81.7679324894515,0.010800038354567446
2021,2,La Pampa,82.080006723254,81.7767634575221,0.37081837542937685
2021,3,La Pampa,84.2799630965361,82.080006723254,2.6802585198361397
2021,4,La Pampa,89.5673427024131,84.2799630965361,6.273590319232494
2022,1,La Pampa,91.6633253140871,89.5673427024131,2.3401192314456525
2022,2,La Pampa,92.98,91.6633253140871,1.436424743921602
2022,3,La Pampa,96.59,92.98,3.8825553882555384
2022,4,La Pampa,94.8,96.59,-1.8531939124132997
2023,1,La Pampa,96.55,94.8,1.8459915611814346
2023,2,La Pampa,98.35,96.55,1.8643190056965273
2023,3,La Pampa,99.0,98.35,0.6609049313675707
2023,4,La Pampa,99.96,99.0,0.9696969696969635
2024,1,La Pampa,100.49,99.96,0.5302120848339347
2024,2,La Pampa,101.17,100.49,0.6766842471887818
2014,2,La Rioja,16.5025648163457,16.2941048158375,1.279358411304571
2014,3,La Rioja,16.5067132740672,16.5025648163457,0.02513826043203732
2014,4,La Rioja,17.0107508872361,16.5067132740672,3.0535310379490688
2015,1,La Rioja,16.7032017874138,17.0107508872361,-1.807968983033353
2015,2,La Rioja,16.8831909819638,16.7032017874138,1.0775730116942344
2015,3,La Rioja,17.1511294420325,16.8831909819638,1.5870131443453763
2015,4,La Rioja,17.3157786484107,17.1511294420325,0.959990459722685
2016,1,La Rioja,16.8335183724942,17.3157786484107,-2.785091480484836
2016,2,La Rioja,16.8789026111115,16.8335183724942,0.26960637469262555
2016,3,La Rioja,17.0745591064841,16.8789026111115,1.159177820267755
2016,4,La Rioja,16.4553163840162,17.0745591064841,-3.626698168930992
2017,1,La Rioja,16.1955241460542,16.4553163840162,-1.5787738861973357
2017,2,La Rioja,16.2034458061436,16.1955241460542,0.04891265029744573
2017,3,La Rioja,51.465252304947,16.2034458061436,217.61918372593163
2017,4,La Rioja,51.5684744054618,51.465252304947,0.2005665879245613
2018,1,La Rioja,51.4435101124481,51.5684744054618,-0.24232691475639573
2018,2,La Rioja,50.9778907392324,51.4435101124481,-0.9051080927369173
2018,3,La Rioja,50.7330431805956,50.9778907392324,-0.4803014700809606
2018,4,La Rioja,50.3479939174172,50.7330431805956,-0.7589713508959699
2019,1,La Rioja,50.1845878832627,50.3479939174172,-0.32455321739834003
2019,2,La Rioja,48.7049391442432,50.1845878832627,-2.9484126530268613
2019,3,La Rioja,47.9429051217464,48.7049391442432,-1.5645929055367058
2019,4,La Rioja,47.1358901105243,47.9429051217464,-1.6832834997644837
2020,1,La Rioja,46.346631384167,47.1358901105243,-1.6744326340430795
2020,2,La Rioja,49.8399350183955,46.346631384167,7.537340967183844
2020,3,La Rioja,50.1181132363027,49.8399350183955,0.5581432194976248
2020,4,La Rioja,50.1106121170115,50.1181132363027,-0.014966882842998356
2021,1,La Rioja,49.8069351907935,50.1106121170115,-0.6060132043665537
2021,2,La Rioja,76.9786615851933,49.8069351907935,54.55410233597813
2021,3,La Rioja,77.2601606138685,76.9786615851933,0.3656844934406593
2021,4,La Rioja,77.9234900964576,77.2601606138685,0.8585660155487964
2022,1,La Rioja,78.774598665645,77.9234900964576,1.0922362026313992
2022,2,La Rioja,80.14,78.774598665645,1.7333015432428662
2022,3,La Rioja,80.66,80.14,0.6488644871474869
2022,4,La Rioja,79.86,80.66,-0.9918175055789701
2023,1,La Rioja,79.74,79.86,-0.15026296018032123
2023,2,La Rioja,80.01,79.74,0.3386004514672815
2023,3,La Rioja,80.44,80.01,0.5374328208973785
2023,4,La Rioja,80.22,80.44,-0.2734957732471393
2024,1,La Rioja,80.03,80.22,-0.23684866616803507
2024,2,La Rioja,79.52,80.03,-0.6372610271148383
2014,2,Mendoza,32.0982381502412,31.9131229866058,0.5800596942928342
2014,3,Mendoza,32.3131795616557,32.0982381502412,0.6696361663479188
2014,4,Mendoza,32.6383818761503,32.3131795616557,1.0064076606082324
2015,1,Mendoza,32.3658875605183,32.6383818761503,-0.8348891702597357
2015,2,Mendoza,32.4919958318665,32.3658875605183,0.38963328631848754
2015,3,Mendoza,32.4919958318665,32.4919958318665,0.0
2015,4,Mendoza,32.4889524950014,32.4919958318665,-0.009366420212675121
2016,1,Mendoza,32.1233388880128,32.4889524950014,-1.1253474763301392
2016,2,Mendoza,32.1259717944259,32.1233388880128,0.008196241437655028
2016,3,Mendoza,32.0883588456665,32.1259717944259,-0.11707956727375615
2016,4,Mendoza,32.10735338479,32.0883588456665,0.059194486121465925
2017,1,Mendoza,31.8430127701797,32.10735338479,-0.8233024112648457
2017,2,Mendoza,31.7586053613908,31.8430127701797,-0.2650735638555774
2017,3,Mendoza,35.7049317772057,31.7586053613908,12.426006655230786
2017,4,Mendoza,33.3256255341505,35.7049317772057,-6.663802798733174
2018,1,Mendoza,37.0721511024033,33.3256255341505,11.242176277872257
2018,2,Mendoza,36.9728727240613,37.0721511024033,-0.26779772791649686
2018,3,Mendoza,37.9905972679962,36.9728727240613,2.75262501653702
2018,4,Mendoza,37.7577838459117,37.9905972679962,-0.6128185362345501
2019,1,Mendoza,37.6571649702829,37.7577838459117,-0.2664851200998088
2019,2,Mendoza,40.7546242353627,37.6571649702829,8.225418104427549
2019,3,Mendoza,40.7371425873534,40.7546242353627,-0.042894882083424096
2019,4,Mendoza,33.6490307202718,40.7371425873534,-17.399629470531533
2020,1,Mendoza,33.1420767001727,33.6490307202718,-1.5065932338838153
2020,2,Mendoza,36.2522434211,33.1420767001727,9.3843447079799
2020,3,Mendoza,37.3486331372327,36.2522434211,3.024336186307771
2020,4,Mendoza,38.6295789622782,37.3486331372327,3.429699342245887
2021,1,Mendoza,39.1536615289964,38.6295789622782,1.3566872350070556
2021,2,Mendoza,40.9732418261709,39.1536615289964,4.647280040021169
2021,3,Mendoza,45.548284680561,40.9732418261709,11.165928421772755
2021,4,Mendoza,47.5053170903177,45.548284680561,4.296610560599058
2022,1,Mendoza,48.7352409355834,47.5053170903177,2.5890235464113385
2022,2,Mendoza,49.39,48.7352409355834,1.3435022621146793
2022,3,Mendoza,51.03,49.39,3.3205102247418514
2022,4,Mendoza,51.36,51.03,0.6466784244561988
2023,1,Mendoza,51.4,51.36,0.07788161993769305
2023,2,Mendoza,52.09,51.4,1.3424124513618771
2023,3,Mendoza,52.03,52.09,-0.11518525628719961
2023,4,Mendoza,52.15,52.03,0.23063617143954918
2024,1,Mendoza,52.59,52.15,0.84372003835092
2024,2,Mendoza,52.3,52.59,-0.5514356341509912
2014,2,Misiones,23.3677476012998,23.1365386484773,0.9993238674779861
2014,3,Misiones,23.5673569543455,23.3677476012998,0.8542087857650223
2014,4,Misiones,24.1624306055883,23.5673569543455,2.5249910390697248
2015,1,Misiones,26.3056041051906,24.1624306055883,8.869858892038069
2015,2,Misiones,27.3476824488217,26.3056041051906,3.961430953891222
2015,3,Misiones,28.3063450934369,27.3476824488217,3.5054621041809844
2015,4,Misiones,28.6866588915424,28.3063450934369,1.3435637728930265
2016,1,Misiones,28.3676525909563,28.6866588915424,-1.1120371382118381
2016,2,Misiones,29.239512823022,28.3676525909563,3.073431011854861
2016,3,Misiones,29.9053857758982,29.239512823022,2.2773052236079607
2016,4,Misiones,29.7201498077974,29.9053857758982,-0.6194067165322656
2017,1,Misiones,29.522202363131,29.7201498077974,-0.6660378428323637
2017,2,Misiones,30.0892480250859,29.522202363131,1.9207430901668054
2017,3,Misiones,30.2059909330319,30.0892480250859,0.38798878539160353
2017,4,Misiones,31.1421848537985,30.2059909330319,3.0993650327254216
2018,1,Misiones,30.9567358844696,31.1421848537985,-0.5954911969070765
2018,2,Misiones,31.6309076822218,30.9567358844696,2.177787090564729
2018,3,Misiones,32.103666418059,31.6309076822218,1.494610083867162
2018,4,Misiones,34.4507488777944,32.103666418059,7.310948317152708
2019,1,Misiones,36.2571682655235,34.4507488777944,5.243483658764353
2019,2,Misiones,39.1461255416994,36.2571682655235,7.967961686966535
2019,3,Misiones,39.3329298674438,39.1461255416994,0.47719748291670866
2019,4,Misiones,39.7892368404862,39.3329298674438,1.1601143738343374
2020,1,Misiones,39.018347551712,39.7892368404862,-1.9374317026101067
2020,2,Misiones,40.8877960096961,39.018347551712,4.791203562648262
2020,3,Misiones,41.6044862854486,40.8877960096961,1.7528219803839329
2020,4,Misiones,42.6441141611923,41.6044862854486,2.4988359875682757
2021,1,Misiones,43.1724389059718,42.6441141611923,1.238915979782031
2021,2,Misiones,45.0128113119994,43.1724389059718,4.26284095284927
2021,3,Misiones,45.5706536580879,45.0128113119994,1.2392968353429437
2021,4,Misiones,49.064620730585,45.5706536580879,7.667142759706692
2022,1,Misiones,49.0433419977295,49.064620730585,-0.043368791073188064
2022,2,Misiones,51.0,49.0433419977295,3.9896506285421705
2022,3,Misiones,51.82,51.0,1.6078431372549025
2022,4,Misiones,52.85,51.82,1.9876495561559264
2023,1,Misiones,53.97,52.85,2.1192052980132403
2023,2,Misiones,55.18,53.97,2.2419862886788975
2023,3,Misiones,55.51,55.18,0.598042769119243
2023,4,Misiones,56.27,55.51,1.3691226805980996
2024,1,Misiones,56.76,56.27,0.87080149280255
2024,2,Misiones,57.73,56.76,1.7089499647639161
2014,2,Neuquén,50.8427490584487,49.7916051913856,2.1110865235671517
2014,3,Neuquén,56.3954110270698,50.8427490584487,10.921246532593601
2014,4,Neuquén,52.5549896972496,56.3954110270698,-6.809811755741603
2015,1,Neuquén,51.9544367381025,52.5549896972496,-1.1427134942023038
2015,2,Neuquén,53.1173365932314,51.9544367381025,2.238307117043669
2015,3,Neuquén,54.5993148967112,53.1173365932314,2.7900086836594964
2015,4,Neuquén,58.2893377687955,54.5993148967112,6.758368450345826
2016,1,Neuquén,55.7539370042541,58.2893377687955,-4.349681882813732
2016,2,Neuquén,59.098285533662,55.7539370042541,5.998407841858279
2016,3,Neuquén,60.2148508885395,59.098285533662,1.8893362891915246
2016,4,Neuquén,60.8736672281991,60.2148508885395,1.094109393177941
2017,1,Neuquén,61.0230200678275,60.8736672281991,0.24534884528726572
2017,2,Neuquén,61.9101342766616,61.0230200678275,1.4537369796645025
2017,3,Neuquén,60.8304131050389,61.9101342766616,-1.7440136162484885
2017,4,Neuquén,61.242323177851,60.8304131050389,0.6771449539572134
2018,1,Neuquén,61.5173903515637,61.242323177851,0.44914555725439975
2018,2,Neuquén,60.2367916140203,61.5173903515637,-2.0816857318311923
2018,3,Neuquén,60.4866167439691,60.2367916140203,0.4147384401706011
2018,4,Neuquén,59.0691692663678,60.4866167439691,-2.343406779719794
2019,1,Neuquén,58.8780043343749,59.0691692663678,-0.3236289495300973
2019,2,Neuquén,63.0809643276744,58.8780043343749,7.1384212845095965
2019,3,Neuquén,64.1388726949158,63.0809643276744,1.6770643545429842
2019,4,Neuquén,59.3559009282245,64.1388726949158,-7.457212086408315
2020,1,Neuquén,61.8474936235507,59.3559009282245,4.1977169183888385
2020,2,Neuquén,63.8984690337643,61.8474936235507,3.3161819340608156
2020,3,Neuquén,65.2441702553022,63.8984690337643,2.105999160679136
2020,4,Neuquén,67.0023452204809,65.2441702553022,2.6947617822388183
2021,1,Neuquén,66.8420894204527,67.0023452204809,-0.2391793891704317
2021,2,Neuquén,69.1402108463862,66.8420894204527,3.438135231646889
2021,3,Neuquén,69.7065334450161,69.1402108463862,0.8190929586375567
2021,4,Neuquén,73.3001625402001,69.7065334450161,5.155369113310766
2022,1,Neuquén,74.1730550999272,73.3001625402001,1.1908466904808976
2022,2,Neuquén,80.02,74.1730550999272,7.882842215674811
2022,3,Neuquén,80.37,80.02,0.4373906523369265
2022,4,Neuquén,78.67,80.37,-2.1152171208162285
2023,1,Neuquén,78.55,78.67,-0.15253590949536613
2023,2,Neuquén,78.97,78.55,0.5346912794398495
2023,3,Neuquén,79.97,78.97,1.2663036596175763
2023,4,Neuquén,79.91,79.97,-0.07502813555083442
2024,1,Neuquén,79.5,79.91,-0.513077211863342
2024,2,Neuquén,78.93,79.5,-0.7169811320754631
2014,2,Río Negro,45.3349103201463,44.9139571317885,0.9372435991837019
2014,3,Río Negro,46.1961871578301,45.3349103201463,1.8998092895775778
2014,4,Río Negro,45.478062751204,46.1961871578301,-1.5545101247698605
2015,1,Río Negro,45.3269490720278,45.478062751204,-0.332278179927965
2015,2,Río Negro,45.9761201343233,45.3269490720278,1.4321966856051163
2015,3,Río Negro,46.3891866567451,45.9761201343233,0.898437104338057
2015,4,Río Negro,46.4394811149431,46.3891866567451,0.1084184953923591
2016,1,Río Negro,45.8351263870833,46.4394811149431,-1.3013813103638083
2016,2,Río Negro,46.2401130781274,45.8351263870833,0.8835727595118611
2016,3,Río Negro,46.3879653621594,46.2401130781274,0.3197489672704448
2016,4,Río Negro,46.3852103506557,46.3879653621594,-0.005939065191138967
2017,1,Río Negro,46.0295387411952,46.3852103506557,-0.7667780457860227
2017,2,Río Negro,46.0208051229332,46.0295387411952,-0.01897394260479522
2017,3,Río Negro,48.5186589395006,46.0208051229332,5.427662140840432
2017,4,Río Negro,49.3756297682453,48.5186589395006,1.7662706420086407
2018,1,Río Negro,49.8168613122324,49.3756297682453,0.8936221088381294
2018,2,Río Negro,50.1478946239634,49.8168613122324,0.6645005385951941
2018,3,Río Negro,50.5426480870375,50.1478946239634,0.7871785366747208
2018,4,Río Negro,51.8614034542606,50.5426480870375,2.6091932598231264
2019,1,Río Negro,53.5716497810025,51.8614034542606,3.297724729432467
2019,2,Río Negro,61.0942074999118,53.5716497810025,14.042049758894942
2019,3,Río Negro,63.4247008870096,61.0942074999118,3.8145897663066677
2019,4,Río Negro,55.7050096828749,63.4247008870096,-12.171427056293481
2020,1,Río Negro,55.1156686596236,55.7050096828749,-1.0579677242789862
2020,2,Río Negro,56.369335248792,55.1156686596236,2.274610142009948
2020,3,Río Negro,57.052405915845,56.369335248792,1.211777048705999
2020,4,Río Negro,61.0886154804548,57.052405915845,7.074565042118292
2021,1,Río Negro,60.8792403032577,61.0886154804548,-0.3427400924875847
2021,2,Río Negro,61.9420405741775,60.8792403032577,1.7457515330770692
2021,3,Río Negro,61.9672131147541,61.9420405741775,0.040638862302994905
2021,4,Río Negro,65.6948996116065,61.9672131147541,6.015578738306782
2022,1,Río Negro,67.0364075498703,65.6948996116065,2.0420275336364084
2022,2,Río Negro,67.85,67.0364075498703,1.2136575927408328
2022,3,Río Negro,67.98,67.85,0.19159911569640334
2022,4,Río Negro,68.42,67.98,0.647249190938508
2023,1,Río Negro,69.16,68.42,1.081555100847698
2023,2,Río Negro,68.56,69.16,-0.8675534991324384
2023,3,Río Negro,68.4,68.56,-0.23337222870477917
2023,4,Río Negro,70.26,68.4,2.719298245614034
2024,1,Río Negro,71.14,70.26,1.2524907486478727
2024,2,Río Negro,71.35,71.14,0.29519257801517257
2014,3,Salta,29.2226843537979,28.9145940008629,1.0655185161023044
2014,4,Salta,29.534861619578,29.2226843537979,1.0682703272587226
2015,1,Salta,30.0097882334428,29.534861619578,1.6080204470976234
2015,2,Salta,30.4611238427009,30.0097882334428,1.5039613267085026
2015,3,Salta,31.1759452128584,30.4611238427009,2.346667752144632
2015,4,Salta,31.5934926480719,31.1759452128584,1.3393256639458166
2016,1,Salta,31.3155459711532,31.5934926480719,-0.8797592593348968
2016,2,Salta,32.081726025082,31.3155459711532,2.4466444066936535
2016,3,Salta,32.9558316811803,32.081726025082,2.724621659741473
2016,4,Salta,32.6941197393755,32.9558316811803,-0.7941293800036322
2017,1,Salta,32.5754893148231,32.6941197393755,-0.3628494221532019
2017,2,Salta,32.7394202636262,32.5754893148231,0.5032340334746837
2017,3,Salta,39.8397008069074,32.7394202636262,21.687251900332758
2017,4,Salta,39.796242471459,39.8397008069074,-0.10908298648885499
2018,1,Salta,39.7755916329188,39.796242471459,-0.05189142807896079
2018,2,Salta,39.9371920998973,39.7755916329188,0.40628048595702837
2018,3,Salta,39.4274134206841,39.9371920998973,-1.2764509781710878
2018,4,Salta,39.8016100697381,39.4274134206841,0.9490773464172988
2019,1,Salta,40.0983444177161,39.8016100697381,0.7455335285634793
2019,2,Salta,41.8931983203698,40.0983444177161,4.476129697416394
2019,3,Salta,44.4761779222872,41.8931983203698,6.165629995983083
2019,4,Salta,50.3546389223882,44.4761779222872,13.217100197711181
2020,1,Salta,49.5956802701287,50.3546389223882,-1.507226878201391
2020,2,Salta,51.5815833534036,49.5956802701287,4.004185591282233
2020,3,Salta,52.315712128488,51.5815833534036,1.42323815470073
2020,4,Salta,54.0427520014766,52.315712128488,3.301187736385903
2021,1,Salta,53.9300192633909,54.0427520014766,-0.20859918103840577
2021,2,Salta,54.9300901747889,53.9300192633909,1.8543863418882034
2021,3,Salta,55.9642780595842,54.9300901747889,1.8827347297346315
2021,4,Salta,56.8144260576222,55.9642780595842,1.5190904403928145
2022,1,Salta,56.1075934084976,56.8144260576222,-1.2441076997023917
2022,2,Salta,57.54,56.1075934084976,2.5529638761612947
2022,3,Salta,57.76,57.54,0.3823427181091395
2022,4,Salta,57.96,57.76,0.34626038781163926
2023,1,Salta,57.67,57.96,-0.5003450655624554
2023,2,Salta,57.48,57.67,-0.32946072481360295
2023,3,Salta,57.57,57.48,0.15657620041754247
2023,4,Salta,56.98,57.57,-1.024839326037873
2024,1,Salta,56.3,56.98,-1.193401193401193
2024,2,Salta,55.72,56.3,-1.0301953818827678
2014,3,San Juan,27.8542444781027,27.7826978179589,0.25752236378409105
2014,4,San Juan,28.0371457145607,27.8542444781027,0.6566368605035641
2015,1,San Juan,27.5531927597664,28.0371457145607,-1.7261134914420575
2015,2,San Juan,27.6430534204585,27.5531927597664,0.326135201374252
2015,3,San Juan,27.66538565566,27.6430534204585,0.08078787412454096
2015,4,San Juan,27.6648539357743,27.66538565566,-0.0019219680951428053
2016,1,San Juan,27.3307941100043,27.6648539357743,-1.2075242708511635
2016,2,San Juan,27.3407815140911,27.3307941100043,0.036542678001225064
2016,3,San Juan,27.3171271359908,27.3407815140911,-0.08651683233015431
2016,4,San Juan,27.2924214521971,27.3171271359908,-0.09044027093591372
2017,1,San Juan,27.0367609884239,27.2924214521971,-0.9367452580966166
2017,2,San Juan,26.964616120247,27.0367609884239,-0.26683990810803365
2017,3,San Juan,32.3668893599598,26.964616120247,20.034675129887635
2017,4,San Juan,30.2999291912817,32.3668893599598,-6.386032793238021
2018,1,San Juan,32.6091774516929,30.2999291912817,7.621299197872879
2018,2,San Juan,32.9466488486842,32.6091774516929,1.0348969933118557
2018,3,San Juan,33.0514165039238,32.9466488486842,0.31799184105421563
2018,4,San Juan,31.8962520702558,33.0514165039238,-3.495052726502225
2019,1,San Juan,31.8330580534655,31.8962520702558,-0.19812364365289198
2019,2,San Juan,35.5997173374818,31.8330580534655,11.832539863716432
2019,3,San Juan,37.0623130355423,35.5997173374818,4.108447503094593
2019,4,San Juan,32.8549757281553,37.0623130355423,-11.352063491968824
2020,1,San Juan,32.3922921363047,32.8549757281553,-1.408260336817434
2020,2,San Juan,35.0948577636503,32.3922921363047,8.343236767479691
2020,3,San Juan,38.7899552541285,35.0948577636503,10.52888578538539
2020,4,San Juan,36.3208821557581,38.7899552541285,-6.365238325732826
2021,1,San Juan,39.0551943353576,36.3208821557581,7.528209716585909
2021,2,San Juan,39.2840257006206,39.0551943353576,0.5859178763728201
2021,3,San Juan,39.4554480019856,39.2840257006206,0.4363664321762481
2021,4,San Juan,39.5888518648717,39.4554480019856,0.33811265526470385
2022,1,San Juan,43.5459816093316,39.5888518648717,9.995565817282948
2022,2,San Juan,49.46,43.5459816093316,13.5810887069338
2022,3,San Juan,50.8,49.46,2.7092600080873357
2022,4,San Juan,50.88,50.8,0.15748031496064058
2023,1,San Juan,49.75,50.88,-2.2209119496855396
2023,2,San Juan,47.52,49.75,-4.482412060301502
2023,3,San Juan,50.45,47.52,6.165824915824915
2023,4,San Juan,50.08,50.45,-0.7333994053518424
2024,1,San Juan,51.62,50.08,3.075079872204471
2024,2,San Juan,51.17,51.62,-0.8717551336691123
2014,3,San Luis,9.71121075967275,9.71791019987182,-0.06893910379165466
2014,4,San Luis,9.7863933663512,9.71121075967275,0.7741836578262367
2015,1,San Luis,9.71604896376059,9.7863933663512,-0.7187980286228536
2015,2,San Luis,9.70797183720366,9.71604896376059,-0.08313180169281624
2015,3,San Luis,9.70650326873876,9.70797183720366,-0.015127448755786595
2015,4,San Luis,9.70576898450631,9.70650326873876,-0.007564868749545976
2016,1,San Luis,9.58634628277021,9.70576898450631,-1.2304300867529352
2016,2,San Luis,9.60373385160232,9.58634628277021,0.18137847642079036
2016,3,San Luis,9.63053968688516,9.60373385160232,0.2791188895594746
2016,4,San Luis,9.64068243537056,9.63053968688516,0.10531858873093418
2017,1,San Luis,9.5455001936789,9.64068243537056,-0.987297759569874
2017,2,San Luis,9.5139703148683,9.5455001936789,-0.3303114364973535
2017,3,San Luis,15.4778617902981,9.5139703148683,62.685622069994395
2017,4,San Luis,10.5867310697542,15.4778617902981,-31.600816616735656
2018,1,San Luis,15.1487903482749,10.5867310697542,43.09223733428247
2018,2,San Luis,15.1504244913514,15.1487903482749,0.010787284257883466
2018,3,San Luis,52.3531149755192,15.1504244913514,245.55543315241698
2018,4,San Luis,67.5504536976004,52.3531149755192,29.02852815766096
2019,1,San Luis,67.3379373977716,67.5504536976004,-0.31460380825888573
2019,2,San Luis,81.789994425864,67.3379373977716,21.46198352159604
2019,3,San Luis,85.2260887684934,81.789994425864,4.201118201253753
2019,4,San Luis,74.9200260348146,85.2260887684934,-12.092614928832417
2020,1,San Luis,76.3085418464193,74.9200260348146,1.8533306581600435
2020,2,San Luis,78.4096773527651,76.3085418464193,2.753473537175697
2020,3,San Luis,79.9617220941719,78.4096773527651,1.9794045758206025
2020,4,San Luis,81.679478061057,79.9617220941719,2.148222826994735
2021,1,San Luis,81.2373017712751,81.679478061057,-0.5413554301257442
2021,2,San Luis,83.4781072006307,81.2373017712751,2.7583454650729617
2021,3,San Luis,79.8704334921291,83.4781072006307,-4.321700418806754
2021,4,San Luis,80.2957828313538,79.8704334921291,0.5325491807511298
2022,1,San Luis,80.7242306060177,80.2957828313538,0.5335868952965664
2022,2,San Luis,81.76,80.7242306060177,1.2830960248323429
2022,3,San Luis,81.74,81.76,-0.02446183953034519
2022,4,San Luis,90.27,81.74,10.435527281624665
2023,1,San Luis,90.17,90.27,-0.11077877478674458
2023,2,San Luis,93.41,90.17,3.5932128202284517
2023,3,San Luis,98.55,93.41,5.502622845519753
2023,4,San Luis,102.07,98.55,3.571790969051239
2024,1,San Luis,102.7,102.07,0.6172234740864208
2024,2,San Luis,103.4,102.7,0.6815968841285325
2014,3,Santa Cruz,28.231942904275,29.3770071530543,-3.897824726710623
2014,4,Santa Cruz,27.8026789696523,28.231942904275,-1.5204902336271813
2015,1,Santa Cruz,27.9948639434945,27.8026789696523,0.6912462430400319
2015,2,Santa Cruz,27.0722450274482,27.9948639434945,-3.2956720843813923
2015,3,Santa Cruz,27.6060609834294,27.0722450274482,1.971820052012574
2015,4,Santa Cruz,27.7447690664797,27.6060609834294,0.5024551787144138
2016,1,Santa Cruz,26.86586252145,27.7447690664797,-3.1678279351460366
2016,2,Santa Cruz,26.7289117253198,26.86586252145,-0.5097576748963766
2016,3,Santa Cruz,26.8352018954507,26.7289117253198,0.39765992429169583
2016,4,Santa Cruz,27.0467602148458,26.8352018954507,0.7883611989182159
2017,1,Santa Cruz,26.5249917378546,27.0467602148458,-1.9291348495957987
2017,2,Santa Cruz,26.2486198287096,26.5249917378546,-1.0419302364968508
2017,3,Santa Cruz,33.2918297165896,26.2486198287096,26.832686571110482
2017,4,Santa Cruz,28.9124928828068,33.2918297165896,-13.154389143113224
2018,1,Santa Cruz,33.5527598985762,28.9124928828068,16.049349444124886
2018,2,Santa Cruz,33.3323645100661,33.5527598985762,-0.6568621752020198
2018,3,Santa Cruz,32.7278502945593,33.3323645100661,-1.813595358121798
2018,4,Santa Cruz,23.6891941006561,32.7278502945593,-27.61762875518223
2019,1,Santa Cruz,23.6676549967689,23.6891941006561,-0.0909237511233165
2019,2,Santa Cruz,28.8460630553221,23.6676549967689,21.879683725574658
2019,3,Santa Cruz,35.6281609788596,28.8460630553221,23.511346801574014
2019,4,Santa Cruz,36.7113630853583,35.6281609788596,3.0402975532232337
2020,1,Santa Cruz,35.9742762889655,36.7113630853583,-2.007789235934899
2020,2,Santa Cruz,35.792623969796,35.9742762889655,-0.5049505866646719
2020,3,Santa Cruz,35.9515289078445,35.792623969796,0.4439600130535121
2020,4,Santa Cruz,36.999572459088,35.9515289078445,2.915157110369297
2021,1,Santa Cruz,41.6478310399074,36.999572459088,12.563006196785595
2021,2,Santa Cruz,44.0149166554342,41.6478310399074,5.683574765895083
2021,3,Santa Cruz,43.7473202801201,44.0149166554342,-0.6079674702304836
2021,4,Santa Cruz,43.0512146611735,43.7473202801201,-1.5911960195260797
2022,1,Santa Cruz,43.3384231105305,43.0512146611735,0.6671320463717828
2022,2,Santa Cruz,43.15,43.3384231105305,-0.4347714960693088
2022,3,Santa Cruz,43.19,43.15,0.09269988412514286
2022,4,Santa Cruz,43.53,43.19,0.7872192637184613
2023,1,Santa Cruz,43.42,43.53,-0.2526992878474602
2023,2,Santa Cruz,41.66,43.42,-4.05343159834179
2023,3,Santa Cruz,40.89,41.66,-1.8482957273163612
2023,4,Santa Cruz,73.75,40.89,80.36194668623135
2024,1,Santa Cruz,67.58,73.75,-8.366101694915256
2024,2,Santa Cruz,69.92,67.58,3.4625628884285344
2014,3,Santa Fe,49.1958844455727,48.3903513867014,1.6646563535653118
2014,4,Santa Fe,49.9996230234827,49.1958844455727,1.6337516582290605
2015,1,Santa Fe,50.2444947593192,49.9996230234827,0.4897471641366148
2015,2,Santa Fe,51.1765389086788,50.2444947593192,1.8550174577817304
2015,3,Santa Fe,52.1459547408435,51.1765389086788,1.8942582926417884
2015,4,Santa Fe,52.6080897858581,52.1459547408435,0.8862337401076087
2016,1,Santa Fe,51.2773408540762,52.6080897858581,-2.529551894392532
2016,2,Santa Fe,52.4364772593711,51.2773408540762,2.2605236269828106
2016,3,Santa Fe,52.6721503688625,52.4364772593711,0.44944497000755923
2016,4,Santa Fe,52.191050237189,52.6721503688625,-0.9133861600568064
2017,1,Santa Fe,51.9701076920804,52.191050237189,-0.42333416190037204
2017,2,Santa Fe,52.2696112396987,51.9701076920804,0.5762996478530314
2017,3,Santa Fe,60.9063556345152,52.2696112396987,16.523452518538935
2017,4,Santa Fe,61.7127712196729,60.9063556345152,1.3240253447387538
2018,1,Santa Fe,62.2819984430096,61.7127712196729,0.9223815623357344
2018,2,Santa Fe,62.5707923995744,62.2819984430096,0.4636876846992314
2018,3,Santa Fe,63.4096146162309,62.5707923995744,1.340597081302428
2018,4,Santa Fe,65.5870688619156,63.4096146162309,3.4339496602575776
2019,1,Santa Fe,66.9740909479148,65.5870688619156,2.114779803499661
2019,2,Santa Fe,67.4229199332195,66.9740909479148,0.6701531576647324
2019,3,Santa Fe,68.8717805759303,67.4229199332195,2.1489141142891075
2019,4,Santa Fe,69.4823572559686,68.8717805759303,0.8865411565265675
2020,1,Santa Fe,69.5235794025313,69.4823572559686,0.05932750152796768
2020,2,Santa Fe,70.002168637187,69.5235794025313,0.6883840544007945
2020,3,Santa Fe,72.1206024734824,70.002168637187,3.0262402973185054
2020,4,Santa Fe,73.5807380726778,72.1206024734824,2.0245748775216694
2021,1,Santa Fe,73.9165640702618,73.5807380726778,0.45640476893870063
2021,2,Santa Fe,75.0687862629301,73.9165640702618,1.5588146001660106
2021,3,Santa Fe,75.0170476272823,75.0687862629301,-0.06892163604003496
2021,4,Santa Fe,77.0892017943923,75.0170476272823,2.7622443599825117
2022,1,Santa Fe,77.304584747584,77.0892017943923,0.27939445237241317
2022,2,Santa Fe,77.9,77.304584747584,0.7702198444764458
2022,3,Santa Fe,78.55,77.9,0.834403080872903
2022,4,Santa Fe,78.4,78.55,-0.19096117122850603
2023,1,Santa Fe,78.13,78.4,-0.3443877551020538
2023,2,Santa Fe,78.83,78.13,0.8959426596697848
2023,3,Santa Fe,79.09,78.83,0.3298236711911774
2023,4,Santa Fe,79.75,79.09,0.8344923504867828
2024,1,Santa Fe,80.4,79.75,0.8150470219435808
2024,2,Santa Fe,81.34,80.4,1.1691542288557184
2014,3,Santiago Del Estero,16.4922039083019,16.6955673473544,-1.2180684538685504
2014,4,Santiago Del Estero,17.2692015836451,16.4922039083019,4.711302865665347
2015,1,Santiago Del Estero,17.0558169911586,17.2692015836451,-1.2356366995483201
2015,2,Santiago Del Estero,17.1105666329829,17.0558169911586,0.3210027514523579
2015,3,Santiago Del Estero,17.1188225313532,17.1105666329829,0.04825029204109813
2015,4,Santiago Del Estero,17.0049780380361,17.1188225313532,-0.6650252557300174
2016,1,Santiago Del Estero,16.205749206822,17.0049780380361,-4.699969793706385
2016,2,Santiago Del Estero,15.8889250473061,16.205749206822,-1.9550108759089457
2016,3,Santiago Del Estero,15.3296465784729,15.8889250473061,-3.5199264089172853
2016,4,Santiago Del Estero,15.0678475104333,15.3296465784729,-1.707795849691926
2017,1,Santiago Del Estero,14.7021194933686,15.0678475104333,-2.4272081119181816
2017,2,Santiago Del Estero,14.118988073972,14.7021194933686,-3.966308528913961
2017,3,Santiago Del Estero,35.1210448843849,14.118988073972,148.75043948177608
2017,4,Santiago Del Estero,29.1263861095011,35.1210448843849,-17.068566139241128
2018,1,Santiago Del Estero,34.9882694482421,29.1263861095011,20.125680256737503
2018,2,Santiago Del Estero,35.2564642111642,34.9882694482421,0.7665276595598379
2018,3,Santiago Del Estero,36.2496169780513,35.2564642111642,2.816938082442797
2018,4,Santiago Del Estero,37.4007259512934,36.2496169780513,3.175506582425643
2019,1,Santiago Del Estero,37.5194167460039,37.4007259512934,0.31734890618183575
2019,2,Santiago Del Estero,52.789971263171,37.5194167460039,40.700404861153736
2019,3,Santiago Del Estero,55.3039114685454,52.789971263171,4.762154904085461
2019,4,Santiago Del Estero,42.9207738235818,55.3039114685454,-22.391070208490817
2020,1,Santiago Del Estero,42.4663591879918,42.9207738235818,-1.0587288977076434
2020,2,Santiago Del Estero,43.4671668246836,42.4663591879918,2.3567069459884413
2020,3,Santiago Del Estero,43.3759313169191,43.4671668246836,-0.2098952253605175
2020,4,Santiago Del Estero,43.7492566206899,43.3759313169191,0.8606738632149666
2021,1,Santiago Del Estero,45.6730828236546,43.7492566206899,4.397391753748997
2021,2,Santiago Del Estero,46.5572753649211,45.6730828236546,1.935916050774134
2021,3,Santiago Del Estero,47.0,46.5572753649211,0.9509247085633308
2021,4,Santiago Del Estero,47.0459491943867,47.0,0.09776424337595904
2022,1,Santiago Del Estero,47.1727383932405,47.0459491943867,0.26950077748442486
2022,2,Santiago Del Estero,47.7,47.1727383932405,1.1177252470784165
2022,3,Santiago Del Estero,47.98,47.7,0.5870020964360462
2022,4,Santiago Del Estero,48.05,47.98,0.14589412255106354
2023,1,Santiago Del Estero,47.55,48.05,-1.040582726326743
2023,2,Santiago Del Estero,47.14,47.55,-0.8622502628811707
2023,3,Santiago Del Estero,48.67,47.14,3.2456512515910076
2023,4,Santiago Del Estero,49.08,48.67,0.8424080542428529
2024,1,Santiago Del Estero,49.41,49.08,0.6723716381418058
2024,2,Santiago Del Estero,49.67,49.41,0.5262092693786787
2014,3,Tierra Del Fuego,65.6861020447619,64.3560451715994,2.0667162962174226
2014,4,Tierra Del Fuego,66.1378194733832,65.6861020447619,0.6876910252848983
2015,1,Tierra Del Fuego,74.2349517001027,66.1378194733832,12.242817031453752
2015,2,Tierra Del Fuego,74.5078743166472,74.2349517001027,0.3676470588235433
2015,3,Tierra Del Fuego,74.8584578403385,74.5078743166472,0.4705321778492454
2015,4,Tierra Del Fuego,66.4622043362379,74.8584578403385,-11.216172155200562
2016,1,Tierra Del Fuego,65.8330416313501,66.4622043362379,-0.9466473632213834
2016,2,Tierra Del Fuego,67.7182428825529,65.8330416313501,2.8636095256839185
2016,3,Tierra Del Fuego,68.9404924910074,67.7182428825529,1.804904493127963
2016,4,Tierra Del Fuego,70.3052659053947,68.9404924910074,1.979639780736005
2017,1,Tierra Del Fuego,68.9197485128813,70.3052659053947,-1.9707163818679085
2017,2,Tierra Del Fuego,68.4632207595576,68.9197485128813,-0.6624048450182195
2017,3,Tierra Del Fuego,65.7418047343459,68.4632207595576,-3.975004381942958
2017,4,Tierra Del Fuego,59.8941359626362,65.7418047343459,-8.894901494322184
2018,1,Tierra Del Fuego,65.1996370235935,59.8941359626362,8.85813106022104
2018,2,Tierra Del Fuego,91.6051962953856,65.1996370235935,40.49954950245634
2018,3,Tierra Del Fuego,92.7719183939406,91.6051962953856,1.2736418300909964
2018,4,Tierra Del Fuego,93.5925708620794,92.7719183939406,0.8845914608061013
2019,1,Tierra Del Fuego,93.3758192272124,93.5925708620794,-0.23159064108454303
2019,2,Tierra Del Fuego,94.7980342802349,93.3758192272124,1.5231085143808019
2019,3,Tierra Del Fuego,96.4621096309238,94.7980342802349,1.7553901442404263
2019,4,Tierra Del Fuego,79.6953613637709,96.4621096309238,-17.381693528479317
2020,1,Tierra Del Fuego,76.0696497901879,79.6953613637709,-4.549463747373425
2020,2,Tierra Del Fuego,76.3694826074247,76.0696497901879,0.39415564297165956
2020,3,Tierra Del Fuego,76.809095839467,76.3694826074247,0.5756399245260376
2020,4,Tierra Del Fuego,76.265834969774,76.809095839467,-0.7072871562352845
2021,1,Tierra Del Fuego,77.3493560917737,76.265834969774,1.4207162649292708
2021,2,Tierra Del Fuego,67.8858077522918,77.3493560917737,-12.234812049700276
2021,3,Tierra Del Fuego,94.9538682598503,67.8858077522918,39.87292985645397
2021,4,Tierra Del Fuego,98.4006164486543,94.9538682598503,3.629918666790545
2022,1,Tierra Del Fuego,98.2905503867279,98.4006164486543,-0.11185505324942359
2022,2,Tierra Del Fuego,99.86,98.2905503867279,1.596745167360483
2022,3,Tierra Del Fuego,99.51,99.86,-0.35049068696174074
2022,4,Tierra Del Fuego,101.44,99.51,1.9395035674806476
2023,1,Tierra Del Fuego,104.23,101.44,2.7503943217665676
2023,2,Tierra Del Fuego,106.38,104.23,2.062745850522874
2023,3,Tierra Del Fuego,105.95,106.38,-0.4042113179168948
2023,4,Tierra Del Fuego,110.49,105.95,4.285040113260965
2024,1,Tierra Del Fuego,109.78,110.49,-0.6425920897818751
2024,2,Tierra Del Fuego,108.89,109.78,-0.8107123337584266
2014,3,Tucumán,33.9437558222181,33.9445268856823,-0.002271539876800465
2014,4,Tucumán,35.3208751693282,33.9437558222181,4.057062377901898
2015,1,Tucumán,35.0786068853898,35.3208751693282,-0.68590679811007
2015,2,Tucumán,35.6877056091873,35.0786068853898,1.736382307848101
2015,3,Tucumán,36.6103595277426,35.6877056091873,2.5853551042457066
2015,4,Tucumán,37.0621732832959,36.6103595277426,1.234114500325845
2016,1,Tucumán,36.7247713663659,37.0621732832959,-0.9103673288421732
2016,2,Tucumán,37.2356828933842,36.7247713663659,1.391190490803751
2016,3,Tucumán,37.8973634102384,37.2356828933842,1.777006530936379
2016,4,Tucumán,37.9807622036193,37.8973634102384,0.22006489601429677
2017,1,Tucumán,37.900160758941,37.9807622036193,-0.2122165012018117
2017,2,Tucumán,38.1862336563929,37.900160758941,0.7548065541764616
2017,3,Tucumán,39.6953791612326,38.1862336563929,3.9520669108644846
2017,4,Tucumán,39.8968735176797,39.6953791612326,0.5076015412995062
2018,1,Tucumán,41.1760093888662,39.8968735176797,3.206105537617296
2018,2,Tucumán,41.5125631700174,41.1760093888662,0.8173540519014095
2018,3,Tucumán,41.6810135952876,41.5125631700174,0.4057817981036285
2018,4,Tucumán,41.7579696387777,41.6810135952876,0.1846309310932882
2019,1,Tucumán,41.6307444313476,41.7579696387777,-0.30467287689187755
2019,2,Tucumán,40.1360462142088,41.6307444313476,-3.590371100866765
2019,3,Tucumán,39.4876002040168,40.1360462142088,-1.6156200506925775
2019,4,Tucumán,47.6490201252129,39.4876002040168,20.668310758388134
2020,1,Tucumán,47.8479232585003,47.6490201252129,0.4174338375998521
2020,2,Tucumán,51.7807409103048,47.8479232585003,8.219411385019356
2020,3,Tucumán,53.2281495112899,51.7807409103048,2.7952643696086104
2020,4,Tucumán,54.7834044136996,53.2281495112899,2.9218654352803015
2021,1,Tucumán,54.8189225412539,54.7834044136996,0.06483373557086851
2021,2,Tucumán,54.928196510348,54.8189225412539,0.19933622192568728
2021,3,Tucumán,54.636044861008,54.928196510348,-0.5318791948411419
2021,4,Tucumán,55.9259910242439,54.636044861008,2.360980130456862
2022,1,Tucumán,57.3900322723119,55.9259910242439,2.6178190520277744
2022,2,Tucumán,59.31,57.3900322723119,3.345472465633028
2022,3,Tucumán,61.14,59.31,3.0854830551340386
2022,4,Tucumán,61.04,61.14,-0.1635590448151806
2023,1,Tucumán,60.34,61.04,-1.146788990825681
2023,2,Tucumán,60.75,60.34,0.6794829300629708
2023,3,Tucumán,61.26,60.75,0.8395061728395029
2023,4,Tucumán,61.04,61.26,-0.3591250408096619
2024,1,Tucumán,60.48,61.04,-0.9174311926605542
2024,2,Tucumán,60.84,60.48,0.595238095238106
